"territory_id","revision","name","name_ko","level","country","population_source","population_confidence","pop_-2700","pop_-2500","pop_-2333","pop_-2000","pop_-1500","pop_-1000","pop_-500","pop_-200","pop_0","pop_200","pop_400","pop_500","pop_600","pop_650","pop_700","pop_750","pop_800","pop_900","pop_1000","pop_1050","pop_1100","pop_1127","pop_1150","pop_1200","pop_1231","pop_1250","pop_1280","pop_1300","pop_1350","pop_1400","pop_1450","pop_1500","pop_1600","pop_1700","pop_1800","pop_1850","pop_1900","pop_1950","pop_2000","pop_2025"
"696305e929eff1ac4e15ab21","0","Xizang","티벳","province","","","","","","","","","","","","","","","","","","","","","","","","","","","","","","","","","","","","","","","","","","",""
"696305ec29eff1ac4e15ab24","0","Yunnan","운남","province","","","","","","","","","","","","","","","","","","","","","","","","","","","","","","","","","","","","","","","","","","",""
"696305f229eff1ac4e15ab2a","0","Hainan","","province","","","","","","","","","","","","","","","","","","","","","","","","","","","","","","","","","","","","","","","","","","",""
"696305f529eff1ac4e15ab2d","0","Shanghai","","city","","기존 호구·인구 자료 연결","","","","","","","","","","","","","","","","","","2365500","2490000","2863500","3610500","4606500","4482000","4108500","4855500","4108500","3237000","2739000","2863500","2614500","3112500","3486000","3984000","4980000","5976000","8715000","","","","",""
"696305f829eff1ac4e15ab31","0","Tianjin","","province","","기존 호구·인구 자료 연결","","","","","","","","","","","","","","1112000","1390000","1529000","1807000","1320500","1390000","1598500","2015500","2571500","2502000","2293500","2710500","2293500","1807000","1529000","1598500","1459500","1737500","1946000","2224000","2780000","3336000","4865000","","","","",""
"696305fa29eff1ac4e15ab34","0","Chongqing","충칭","province","","","","","","","","","","","","","","","","","","","","","","","","","","","","","","","","","","","","","","","","","","",""
"696305fa29eff1ac4e15ab35","0","Guizhou","귀주","province","","","","","","","","","","","","","","","","","","","","","","","","","","","","","","","","","","","","","","","","","","",""
"696305fc29eff1ac4e15ab37","0","Ningxia","녕하","country","","","","","","","","","","","","","","","","","","","","","","","","","","","","","","","","","","","","","","","","","","",""
"6963060729eff1ac4e15ab42","0","Maga Buryatdan","","province","","","","","","","","","","","","","","","","","","","","","","","","","","","","","","","","","","","","","","","","","","",""
"6963060929eff1ac4e15ab43","0","Sakha (Yakutia)","","province","","","","","","","","","","","","","","","","","","","","","","","","","","","","","","","","","","","","","","","","","","",""
"6963061829eff1ac4e15ab47","0","Israel","","province","","","","","","","","","","","","","","","","","","","","","","","","","","","","","","","","","","","","","","","","","","",""
"6963061829eff1ac4e15ab48","0","Syria","","province","","","","","","","","","","","","","","","","","","","","","","","","","","","","","","","","","","","","","","","","","","",""
"6963061b29eff1ac4e15ab4b","0","Ukraine","","province","","","","","","","","","","","","","","","","","","","","","","","","","","","","","","","","","","","","","","","","","","",""
"6963061d29eff1ac4e15ab4c","0","Uzbekistan","우즈베키스탄","province","","","","","","","","","","","","","","","","","","","","","","","","","","","","","","","","","","","","","","","","","","",""
"6963061f29eff1ac4e15ab4f","0","Czechia","","province","","","","","","","","","","","","","","","","","","","","","","","","","","","","","","","","","","","","","","","","","","",""
"6963062029eff1ac4e15ab50","0","Germany","","province","","","","","","","","","","","","","","","","","","","","","","","","","","","","","","","","","","","","","","","","","","",""
"6963062229eff1ac4e15ab52","0","Cambodia","캄보디아","province","","","","","","","","","","","","","","","","","","","","","","","","","","","","","","","","","","","","","","","","","","",""
"6963062329eff1ac4e15ab53","0","North Macedonia","","province","","","","","","","","","","","","","","","","","","","","","","","","","","","","","","","","","","","","","","","","","","",""
"6963062429eff1ac4e15ab54","0","Turkey","","province","","","","","","","","","","","","","","","","","","","","","","","","","","","","","","","","","","","","","","","","","","",""
"6963062629eff1ac4e15ab56","0","Romania","","province","","","","","","","","","","","","","","","","","","","","","","","","","","","","","","","","","","","","","","","","","","",""
"6963062629eff1ac4e15ab57","0","Hungary","","province","","","","","","","","","","","","","","","","","","","","","","","","","","","","","","","","","","","","","","","","","","",""
"6963062729eff1ac4e15ab58","0","Austria","","province","","","","","","","","","","","","","","","","","","","","","","","","","","","","","","","","","","","","","","","","","","",""
"6963062829eff1ac4e15ab5a","0","Italy","","province","","","","","","","","","","","","","","","","","","","","","","","","","","","","","","","","","","","","","","","","","","",""
"6963062a29eff1ac4e15ab5b","0","Switzerland","","province","","","","","","","","","","","","","","","","","","","","","","","","","","","","","","","","","","","","","","","","","","",""
"6963062a29eff1ac4e15ab5c","0","Iran","","province","","","","","","","","","","","","","","","","","","","","","","","","","","","","","","","","","","","","","","","","","","",""
"6963062b29eff1ac4e15ab5d","0","Republic of Serbia","","province","","","","","","","","","","","","","","","","","","","","","","","","","","","","","","","","","","","","","","","","","","",""
"6963062d29eff1ac4e15ab5f","0","Bulgaria","","province","","","","","","","","","","","","","","","","","","","","","","","","","","","","","","","","","","","","","","","","","","",""
"6963063229eff1ac4e15ab64","0","Hong Kong S.A.R.","","city","","","","","","","","","","","","","","","","","","","","","","","","","","","","","","","","","","","","","","","","","","",""
"6963063329eff1ac4e15ab65","0","Philippines","필리핀","province","","","","","","","","","","","","","","","","","","","","","","","","","","","","","","","","","","","","","","","","","","",""
"6963063629eff1ac4e15ab66","0","Taiwan","","province","","","","","","","","","","","","","","","","","","","","","","","","","","","","","","","","","","","","","","","","","","",""
"6963063929eff1ac4e15ab69","0","Guam","","city","","","","","","","","","","","","","","","","","","","","","","","","","","","","","","","","","","","","","","","","","","",""
"69702eab19d896426e48f5eb","0","Jinan","제남","city","","기존 호구·인구 자료 연결","","","","","","","","","506000","598000","165600","276000","414000","736000","920000","1012000","1196000","874000","920000","1058000","1334000","1702000","1656000","1518000","1794000","1518000","1196000","1012000","1058000","966000","1150000","1288000","1472000","1840000","2208000","3220000","","","","",""
"6978333533e6ea6b49991d71","0","Qingzhou","청주","city","","","","","","","","","","","","","","","","","","","","","","","","","","","","","","","","","","","","","","","","","","",""
"697833f133e6ea6b49991d72","0","Zhangjiakou","장가구","city","","","","","","","","","","","","","","","","","","","","","","","","","","","","","","","","","","","","","","","","","","",""
"69783cab33e6ea6b49991d75","0","Tengzhou","텅저우시","city","","","","","","","","","","","","","","","","","","","","","","","","","","","","","","","","","","","","","","","","","","",""
"697847e933e6ea6b49991d78","0","Suining","쑤이닝현","city","","","","","","","","","","","","","","","","","","","","","","","","","","","","","","","","","","","","","","","","","","",""
"6978489433e6ea6b49991d79","0","Zibo","치박","city","","","","","","","","","","","","","","","","","","","","","","","","","","","","","","","","","","","","","","","","","","",""
"697849cd33e6ea6b49991d7a","0","Hengshui","헝수이시","city","","","","","","","","","","","","","","","","","","","","","","","","","","","","","","","","","","","","","","","","","","",""
"69784ab933e6ea6b49991d7c","0","Baotou","바오터우시","province","","기존 호구·인구 자료 연결","","","","","","","","","","","50400","84000","126000","224000","280000","308000","364000","266000","280000","322000","406000","518000","504000","462000","546000","462000","364000","308000","322000","294000","350000","392000","448000","560000","672000","980000","","","","",""
"69784bde33e6ea6b49991d7e","0","Dezhou","더저우시","city","","기존 호구·인구 자료 연결","","","","","","","","","313500","370500","102600","171000","256500","456000","570000","627000","741000","541500","570000","655500","826500","1054500","1026000","940500","1111500","940500","741000","627000","655500","598500","712500","798000","912000","1140000","1368000","1995000","","","","",""
"69784cf933e6ea6b49991d7f","0","Xi'an","시안시","city","","기존 호구·인구 자료 연결","","","","","","","","","715000","845000","234000","390000","585000","1040000","1300000","1430000","1690000","1235000","1300000","1495000","1885000","2405000","2340000","2145000","2535000","2145000","1690000","1430000","1495000","1365000","1625000","1820000","2080000","2600000","3120000","4550000","","","","",""
"69787d24b92377c2f7ef379f","0","Tianshui","천수","city","","","","","","","","","","","","","","","","","","","","","","","","","","","","","","","","","","","","","","","","","","",""
"69787d75b92377c2f7ef37a0","0","Pingliang","평량","city","","","","","","","","","","","","","","","","","","","","","","","","","","","","","","","","","","","","","","","","","","",""
"69787e8fb92377c2f7ef37a2","0","Baiyin City","바이인시","city","","","","","","","","","","","","","","","","","","","","","","","","","","","","","","","","","","","","","","","","","","",""
"69787eb2b92377c2f7ef37a3","0","Lanzhou","란저우시","city","","기존 호구·인구 자료 연결","","","","","","","","","220000","260000","72000","120000","180000","320000","400000","440000","520000","380000","400000","460000","580000","740000","720000","660000","780000","660000","520000","440000","460000","420000","500000","560000","640000","800000","960000","1400000","","","","",""
"69788294055c9be030819c58","0","Xining City","시닝시","city","","기존 호구·인구 자료 연결","","","","","","","","","","","43200","72000","108000","192000","240000","264000","312000","228000","240000","276000","348000","444000","432000","396000","468000","396000","312000","264000","276000","252000","300000","336000","384000","480000","576000","840000","","","","",""
"6978832a055c9be030819c59","0","Dingxi City","정서","city","","","","","","","","","","","","","","","","","","","","","","","","","","","","","","","","","","","","","","","","","","",""
"6978839d055c9be030819c5a","0","Haidong","하이둥시","city","","","","","","","","","","","","","","","","","","","","","","","","","","","","","","","","","","","","","","","","","","",""
"697883d6055c9be030819c5b","0","Jiuquan","주취안시","city","","기존 호구·인구 자료 연결","","","","","","","","","11000","13000","3600","6000","9000","16000","20000","22000","26000","19000","20000","23000","29000","37000","36000","33000","39000","33000","26000","22000","23000","21000","25000","28000","32000","40000","48000","70000","","","","",""
"69788478055c9be030819c5e","0","Aksu Prefecture","아크수지구","province","","","","","","","","","","","","","","","","","","","","","","","","","","","","","","","","","","","","","","","","","","",""
"6978856d055c9be030819c60","0","Taiyuan City","타이위안시","city","","기존 호구·인구 자료 연결","","","","","","","","","291500","344500","95400","159000","238500","424000","530000","583000","689000","503500","530000","609500","768500","980500","954000","874500","1033500","874500","689000","583000","609500","556500","662500","742000","848000","1060000","1272000","1855000","","","","",""
"6978859e055c9be030819c61","0","Jinzhong City","진중시","city","","","","","","","","","","","","","","","","","","","","","","","","","","","","","","","","","","","","","","","","","","",""
"697885b3055c9be030819c62","0","Changzhi City","창즈시","city","","","","","","","","","","","","","","","","","","","","","","","","","","","","","","","","","","","","","","","","","","",""
"697885d0055c9be030819c63","0","Jincheng City","진청시","city","","","","","","","","","","","","","","","","","","","","","","","","","","","","","","","","","","","","","","","","","","",""
"69788604055c9be030819c64","0","Xingtai","싱타이시","city","","","","","","","","","","","","","","","","","","","","","","","","","","","","","","","","","","","","","","","","","","",""
"69788625055c9be030819c65","0","Handan","한단시","city","","기존 호구·인구 자료 연결","","","","","","","","","517000","611000","169200","282000","423000","752000","940000","1034000","1222000","893000","940000","1081000","1363000","1739000","1692000","1551000","1833000","1551000","1222000","1034000","1081000","987000","1175000","1316000","1504000","1880000","2256000","3290000","","","","",""
"6978864a055c9be030819c66","0","Jiyuan","지위안시","city","","","","","","","","","","","","","","","","","","","","","","","","","","","","","","","","","","","","","","","","","","",""
"69788668055c9be030819c67","0","Luoyang","뤄양시","city","","기존 호구·인구 자료 연결","","","","","","","","","396000","468000","129600","216000","324000","576000","720000","792000","936000","684000","720000","828000","1044000","1332000","1296000","1188000","1404000","1188000","936000","792000","828000","756000","900000","1008000","1152000","1440000","1728000","2520000","","","","",""
"69788683055c9be030819c68","0","Sanmenxia","싼먼샤시","city","","","","","","","","","","","","","","","","","","","","","","","","","","","","","","","","","","","","","","","","","","",""
"69788696055c9be030819c69","0","Yuncheng City","윈청시","city","","","","","","","","","","","","","","","","","","","","","","","","","","","","","","","","","","","","","","","","","","",""
"697886b1055c9be030819c6a","0","Yan'an","옌안시","city","","","","","","","","","","","","","","","","","","","","","","","","","","","","","","","","","","","","","","","","","","",""
"697886fb055c9be030819c6c","0","Shangqiu","상추시","city","","기존 호구·인구 자료 연결","","","","","","","","","396000","468000","129600","216000","324000","576000","720000","792000","936000","684000","720000","828000","1044000","1332000","1296000","1188000","1404000","1188000","936000","792000","828000","756000","900000","1008000","1152000","1440000","1728000","2520000","","","","",""
"69788720055c9be030819c6d","0","Zhengzhou","정저우시","city","","기존 호구·인구 자료 연결","","","","","","","","","693000","819000","226800","378000","567000","1008000","1260000","1386000","1638000","1197000","1260000","1449000","1827000","2331000","2268000","2079000","2457000","2079000","1638000","1386000","1449000","1323000","1575000","1764000","2016000","2520000","3024000","4410000","","","","",""
"6978875b055c9be030819c6e","0","Xuchang","쉬창시","city","","","","","","","","","","","","","","","","","","","","","","","","","","","","","","","","","","","","","","","","","","",""
"6978877c055c9be030819c6f","0","Zhoukou","저우커우시","city","","","","","","","","","","","","","","","","","","","","","","","","","","","","","","","","","","","","","","","","","","",""
"697887b6055c9be030819c70","0","Hefei","허페이시","city","","기존 호구·인구 자료 연결","","","","","","","","","","","169200","282000","423000","752000","940000","1034000","1222000","893000","940000","1081000","1363000","1739000","1692000","1551000","1833000","1551000","1222000","1034000","1081000","987000","1175000","1316000","1504000","1880000","2256000","3290000","","","","",""
"69788805055c9be030819c71","0","Xilingol League","시린궈러맹","city","","","","","","","","","","","","","","","","","","","","","","","","","","","","","","","","","","","","","","","","","","",""
"6978881b055c9be030819c72","0","Chifeng City","츠펑시","city","","","","","","","","","","","","","","","","","","","","","","","","","","","","","","","","","","","","","","","","","","",""
"6978882f055c9be030819c73","0","Tongliao City","퉁랴오시","city","","","","","","","","","","","","","","","","","","","","","","","","","","","","","","","","","","","","","","","","","","",""
"6978885f055c9be030819c74","0","Qiqihar City","치치하얼시","city","","기존 호구·인구 자료 연결","","","","","","","","","","","","","","448000","560000","616000","728000","532000","560000","644000","812000","1036000","1008000","924000","1092000","924000","728000","616000","644000","588000","700000","784000","896000","1120000","1344000","1960000","","","","",""
"6978888b055c9be030819c75","0","Heihe City","헤이허시","city","","","","","","","","","","","","","","","","","","","","","","","","","","","","","","","","","","","","","","","","","","",""
"697888ac055c9be030819c76","0","Töv","투브주","city","","기존 호구·인구 자료 연결","","","","","","","","","","","","","","120000","150000","165000","195000","142500","150000","172500","217500","277500","270000","247500","292500","247500","195000","165000","172500","157500","187500","210000","240000","300000","360000","525000","","","","",""
"697888d1055c9be030819c77","0","Selenge","셀렝게주","province","","","","","","","","","","","","","","","","","","","","","","","","","","","","","","","","","","","","","","","","","","",""
"69788910055c9be030819c78","0","Kaifeng","카이펑시","city","","기존 호구·인구 자료 연결","","","","","","","","","","","97200","162000","243000","432000","540000","594000","702000","513000","540000","621000","783000","999000","972000","891000","1053000","891000","702000","594000","621000","567000","675000","756000","864000","1080000","1296000","1890000","","","","",""
"69788969055c9be030819c79","0","Xinyang","신양시","city","","기존 호구·인구 자료 연결","","","","","","","","","363000","429000","118800","198000","297000","528000","660000","726000","858000","627000","660000","759000","957000","1221000","1188000","1089000","1287000","1089000","858000","726000","759000","693000","825000","924000","1056000","1320000","1584000","2310000","","","","",""
"6978898c055c9be030819c7a","0","Xiangyang","샹양시","city","","기존 호구·인구 자료 연결","","","","","","","","","313500","370500","102600","171000","256500","456000","570000","627000","741000","541500","570000","655500","826500","1054500","1026000","940500","1111500","940500","741000","627000","655500","598500","712500","798000","912000","1140000","1368000","1995000","","","","",""
"697889d3055c9be030819c7b","0","Zhumadian","주마뎬시","city","","기존 호구·인구 자료 연결","","","","","","","","","396000","468000","129600","216000","324000","576000","720000","792000","936000","684000","720000","828000","1044000","1332000","1296000","1188000","1404000","1188000","936000","792000","828000","756000","900000","1008000","1152000","1440000","1728000","2520000","","","","",""
"69788adf055c9be030819c7d","0","Yichang","이창시","city","","기존 호구·인구 자료 연결","","","","","","","","","220000","260000","72000","120000","180000","320000","400000","440000","520000","380000","400000","460000","580000","740000","720000","660000","780000","660000","520000","440000","460000","420000","500000","560000","640000","800000","960000","1400000","","","","",""
"69788ae4055c9be030819c7e","0","Jingzhou","징저우시","city","","기존 호구·인구 자료 연결","","","","","","","","","313500","370500","102600","171000","256500","456000","570000","627000","741000","541500","570000","655500","826500","1054500","1026000","940500","1111500","940500","741000","627000","655500","598500","712500","798000","912000","1140000","1368000","1995000","","","","",""
"69788b12055c9be030819c7f","0","Yueyang","웨양시","city","","기존 호구·인구 자료 연결","","","","","","","","","308000","364000","100800","168000","252000","448000","560000","616000","728000","532000","560000","644000","812000","1036000","1008000","924000","1092000","924000","728000","616000","644000","588000","700000","784000","896000","1120000","1344000","1960000","","","","",""
"69788b19055c9be030819c80","0","Changsha","창사시","city","","기존 호구·인구 자료 연결","","","","","","","","","440000","520000","144000","240000","360000","640000","800000","880000","1040000","760000","800000","920000","1160000","1480000","1440000","1320000","1560000","1320000","1040000","880000","920000","840000","1000000","1120000","1280000","1600000","1920000","2800000","","","","",""
"69788b4b055c9be030819c81","0","Nanchang","난창시","city","","기존 호구·인구 자료 연결","","","","","","","","","352000","416000","115200","192000","288000","512000","640000","704000","832000","608000","640000","736000","928000","1184000","1152000","1056000","1248000","1056000","832000","704000","736000","672000","800000","896000","1024000","1280000","1536000","2240000","","","","",""
"69788dd2055c9be030819c82","0","Nanyang","난양시","city","","","","","","","","","","","","","","","","","","","","","","","","","","","","","","","","","","","","","","","","","","",""
"69788e39055c9be030819c83","0","Suizhou","쑤이저우시","city","","","","","","","","","","","","","","","","","","","","","","","","","","","","","","","","","","","","","","","","","","",""
"69788ebb055c9be030819c84","0","Lüliang City","뤼량시","city","","","","","","","","","","","","","","","","","","","","","","","","","","","","","","","","","","","","","","","","","","",""
"69788ee2055c9be030819c85","0","Linfen City","린펀시","city","","","","","","","","","","","","","","","","","","","","","","","","","","","","","","","","","","","","","","","","","","",""
"69788fcd055c9be030819c86","0","Anqing","안칭시","city","","","","","","","","","","","","","","","","","","","","","","","","","","","","","","","","","","","","","","","","","","",""
"69788fea055c9be030819c87","0","Nanjing City","난징시","city","","기존 호구·인구 자료 연결","","","","","","","","","511500","604500","167400","279000","418500","744000","930000","1023000","1209000","883500","930000","1069500","1348500","1720500","1674000","1534500","1813500","1534500","1209000","1023000","1069500","976500","1162500","1302000","1488000","1860000","2232000","3255000","","","","",""
"69789003055c9be030819c88","0","Suzhou City","쑤저우시","city","","기존 호구·인구 자료 연결","","","","","","","","","588500","695500","192600","321000","481500","856000","1070000","1177000","1391000","1016500","1070000","1230500","1551500","1979500","1926000","1765500","2086500","1765500","1391000","1177000","1230500","1123500","1337500","1498000","1712000","2140000","2568000","3745000","","","","",""
"6978983ac7175c536903dab9","0","Xianyang","셴양시","city","","","","","","","","","","","","","","","","","","","","","","","","","","","","","","","","","","","","","","","","","","",""
"69789908c7175c536903daba","0","Hanzhong","한중시","city","","기존 호구·인구 자료 연결","","","","","","","","","187000","221000","61200","102000","153000","272000","340000","374000","442000","323000","340000","391000","493000","629000","612000","561000","663000","561000","442000","374000","391000","357000","425000","476000","544000","680000","816000","1190000","","","","",""
"6978aff2ca773aedf91ed952","0","Huanggang","황강시","city","","","","","","","","","","","","","","","","","","","","","","","","","","","","","","","","","","","","","","","","","","",""
"6978b013ca773aedf91ed953","0","Lu'an","루안시","city","","","","","","","","","","","","","","","","","","","","","","","","","","","","","","","","","","","","","","","","","","",""
"6978b07fca773aedf91ed954","0","Wuhan","우한시","city","","기존 호구·인구 자료 연결","","","","","","","","","676500","799500","221400","369000","553500","984000","1230000","1353000","1599000","1168500","1230000","1414500","1783500","2275500","2214000","2029500","2398500","2029500","1599000","1353000","1414500","1291500","1537500","1722000","1968000","2460000","2952000","4305000","","","","",""
"6978b173ca773aedf91ed955","0","Jingmen","징먼시","city","","","","","","","","","","","","","","","","","","","","","","","","","","","","","","","","","","","","","","","","","","",""
"6978b22aca773aedf91ed956","0","Pingdingshan","핑딩산시","city","Pingdingshan","","","","","","","","","","","","","","","","","","","","","","","","","","","","","","","","","","","","","","","","","",""
"6978b261ca773aedf91ed957","0","Luohe","뤄허시","city","","기존 호구·인구 자료 연결","","","","","","","","","154000","182000","50400","84000","126000","224000","280000","308000","364000","266000","280000","322000","406000","518000","504000","462000","546000","462000","364000","308000","322000","294000","350000","392000","448000","560000","672000","980000","","","","",""
"6978bbf90cabfe742748fd60","0","Guilin","구이린시","city","","기존 호구·인구 자료 연결","","","","","","","","","176000","208000","57600","96000","144000","256000","320000","352000","416000","304000","320000","368000","464000","592000","576000","528000","624000","528000","416000","352000","368000","336000","400000","448000","512000","640000","768000","1120000","","","","",""
"6978bc120cabfe742748fd61","0","Yongzhou","융저우시","city","","","","","","","","","","","","","","","","","","","","","","","","","","","","","","","","","","","","","","","","","","",""
"6978bc2e0cabfe742748fd62","0","Hengyang","헝양시","city","","기존 호구·인구 자료 연결","","","","","","","","","","","144000","240000","360000","640000","800000","880000","1040000","760000","800000","920000","1160000","1480000","1440000","1320000","1560000","1320000","1040000","880000","920000","840000","1000000","1120000","1280000","1600000","1920000","2800000","","","","",""
"6978bc480cabfe742748fd63","0","Shaoguan City","사오관시","city","","","","","","","","","","","","","","","","","","","","","","","","","","","","","","","","","","","","","","","","","","",""
"6978be332e85a8713b98dd63","0","Qingyang","칭양시","city","","","","","","","","","","","","","","","","","","","","","","","","","","","","","","","","","","","","","","","","","","",""
"6978bebc2e85a8713b98dd64","0","Longnan","룽난시","city","","","","","","","","","","","","","","","","","","","","","","","","","","","","","","","","","","","","","","","","","","",""
"6978d43f2e85a8713b98dd65","0","Qingdao","칭다오시","city","","기존 호구·인구 자료 연결","","","","","","","","","","","169200","282000","423000","752000","940000","1034000","1222000","893000","940000","1081000","1363000","1739000","1692000","1551000","1833000","1551000","1222000","1034000","1081000","987000","1175000","1316000","1504000","1880000","2256000","3290000","","","","",""
"6978d4472e85a8713b98dd66","0","Yantai","옌타이시","city","","","","","","","","","","","","","","","","","","","","","","","","","","","","","","","","","","","","","","","","","","",""
"6978d46d2e85a8713b98dd67","0","Weihai","웨이하이시","city","","","","","","","","","","","","","","","","","","","","","","","","","","","","","","","","","","","","","","","","","","",""
"6978d4832e85a8713b98dd68","0","Binzhou","빈저우시","city","Binzhou","","","","","","","","","","","","","","","","","","","","","","","","","","","","","","","","","","","","","","","","","",""
"6978d4ad2e85a8713b98dd69","0","Shijiazhuang","스자좡시","city","","기존 호구·인구 자료 연결","","","","","","","","","616000","728000","201600","336000","504000","896000","1120000","1232000","1456000","1064000","1120000","1288000","1624000","2072000","2016000","1848000","2184000","1848000","1456000","1232000","1288000","1176000","1400000","1568000","1792000","2240000","2688000","3920000","","","","",""
"6978d4d22e85a8713b98dd6b","0","Baoding City","바오딩시","city","","기존 호구·인구 자료 연결","","","","","","","","","","","198000","330000","495000","880000","1100000","1210000","1430000","1045000","1100000","1265000","1595000","2035000","1980000","1815000","2145000","1815000","1430000","1210000","1265000","1155000","1375000","1540000","1760000","2200000","2640000","3850000","","","","",""
"6978d4ff2e85a8713b98dd6d","0","Tangshan","탕산시","city","","","","","","","","","","","","","","","","","","","","","","","","","","","","","","","","","","","","","","","","","","",""
"6978d5382e85a8713b98dd6f","0","Shenyang City","선양시","city","","기존 호구·인구 자료 연결","","","","","","","","","","","163800","273000","409500","728000","910000","1001000","1183000","864500","910000","1046500","1319500","1683500","1638000","1501500","1774500","1501500","1183000","1001000","1046500","955500","1137500","1274000","1456000","1820000","2184000","3185000","","","","",""
"6978d5662e85a8713b98dd70","0","Jilin City","지린시","city","","기존 호구·인구 자료 연결","","","","","","","","","","","","","","352000","440000","484000","572000","418000","440000","506000","638000","814000","792000","726000","858000","726000","572000","484000","506000","462000","550000","616000","704000","880000","1056000","1540000","","","","",""
"6978d57b2e85a8713b98dd71","0","Harbin","하얼빈시","city","","기존 호구·인구 자료 연결","","","","","","","","","","","","","","","","","","","1090000","1253500","1580500","2016500","1962000","1798500","2125500","1798500","1417000","1199000","1253500","1144500","1362500","1526000","1744000","2180000","2616000","3815000","","","","",""
"6978d5902e85a8713b98dd72","0","Daqing City","다칭시","city","","","","","","","","","","","","","","","","","","","","","","","","","","","","","","","","","","","","","","","","","","",""
"6978d5b32e85a8713b98dd73","0","Yichun City","이춘시","city","","","","","","","","","","","","","","","","","","","","","","","","","","","","","","","","","","","","","","","","","","",""
"6978d5c42e85a8713b98dd74","0","Jiamusi City","자무쓰시","city","Jiamusi City","","","","","","","","","","","","","","","","","","","","","","","","","","","","","","","","","","","","","","","","","",""
"6978d5d12e85a8713b98dd75","0","Shuangyashan City","솽야산시","city","","","","","","","","","","","","","","","","","","","","","","","","","","","","","","","","","","","","","","","","","","",""
"6978d5f42e85a8713b98dd76","0","Jixi","지시시","city","","","","","","","","","","","","","","","","","","","","","","","","","","","","","","","","","","","","","","","","","","",""
"6978d6762e85a8713b98dd78","0","Dalian City","다롄시","city","","기존 호구·인구 자료 연결","","","","","","","","","","","133200","222000","333000","592000","740000","814000","962000","703000","740000","851000","1073000","1369000","1332000","1221000","1443000","1221000","962000","814000","851000","777000","925000","1036000","1184000","1480000","1776000","2590000","","","","",""
"6978d6c22e85a8713b98dd79","0","Tonghua City","퉁화시","city","","기존 호구·인구 자료 연결","","","","","","","","","","14950","4140","6900","10350","18400","23000","25300","29900","21850","23000","26450","33350","42550","41400","37950","44850","37950","29900","25300","26450","24150","28750","32200","36800","46000","55200","80500","","","","",""
"6978d7b92e85a8713b98dd7a","0","Datong City","다퉁시","city","","기존 호구·인구 자료 연결","","","","","","","","","","","61200","102000","153000","272000","340000","374000","442000","323000","340000","391000","493000","629000","612000","561000","663000","561000","442000","374000","391000","357000","425000","476000","544000","680000","816000","1190000","","","","",""
"6978d7ce2e85a8713b98dd7b","0","Shuozhou City","숴저우시","city","","","","","","","","","","","","","","","","","","","","","","","","","","","","","","","","","","","","","","","","","","",""
"6978d7f42e85a8713b98dd7c","0","Yulin","위린시","city","","","","","","","","","","","","","","","","","","","","","","","","","","","","","","","","","","","","","","","","","","",""
"6978d8242e85a8713b98dd7d","0","Xinzhou City","신저우시","city","","","","","","","","","","","","","","","","","","","","","","","","","","","","","","","","","","","","","","","","","","",""
"6978f2d52e85a8713b98dd7e","0","Hulunbuir","후룬베이얼시","city","","","","","","","","","","","","","","","","","","","","","","","","","","","","","","","","","","","","","","","","","","",""
"6978f3522e85a8713b98dd7f","0","Daxing'anling Prefecture","다싱안링지구","province","","","","","","","","","","","","","","","","","","","","","","","","","","","","","","","","","","","","","","","","","","",""
"6978f4022e85a8713b98dd82","0","Bayannur City","바옌나오얼시","city","","","","","","","","","","","","","","","","","","","","","","","","","","","","","","","","","","","","","","","","","","",""
"6978f4282e85a8713b98dd83","0","Ordos City","어얼둬쓰시","province","","","","","","","","","","","","","","","","","","","","","","","","","","","","","","","","","","","","","","","","","","",""
"6978f4632e85a8713b98dd85","0","Ulanqab City","우란차부시","province","","","","","","","","","","","","","","","","","","","","","","","","","","","","","","","","","","","","","","","","","","",""
"6978f4f62e85a8713b98dd86","0","Anyang","안양시","city","","기존 호구·인구 자료 연결","","","","","","","","","302500","357500","99000","165000","247500","440000","550000","605000","715000","522500","550000","632500","797500","1017500","990000","907500","1072500","907500","715000","605000","632500","577500","687500","770000","880000","1100000","1320000","1925000","","","","",""
"6978f51c2e85a8713b98dd87","0","Xinxiang","신샹시","city","","","","","","","","","","","","","","","","","","","","","","","","","","","","","","","","","","","","","","","","","","",""
"6978f54a2e85a8713b98dd89","0","Tai'an","타이안시","city","","","","","","","","","","","","","","","","","","","","","","","","","","","","","","","","","","","","","","","","","","",""
"6978f5722e85a8713b98dd8a","0","Linyi","린이시","city","","기존 호구·인구 자료 연결","","","","","","","","","616000","728000","201600","336000","504000","896000","1120000","1232000","1456000","1064000","1120000","1288000","1624000","2072000","2016000","1848000","2184000","1848000","1456000","1232000","1288000","1176000","1400000","1568000","1792000","2240000","2688000","3920000","","","","",""
"6978f5772e85a8713b98dd8b","0","Rizhao","르자오시","city","","","","","","","","","","","","","","","","","","","","","","","","","","","","","","","","","","","","","","","","","","",""
"6978f5952e85a8713b98dd8c","0","Lianyungang","롄윈강시","city","","","","","","","","","","","","","","","","","","","","","","","","","","","","","","","","","","","","","","","","","","",""
"6978f6412e85a8713b98dd8f","0","Huaibei","화이베이시","city","","","","","","","","","","","","","","","","","","","","","","","","","","","","","","","","","","","","","","","","","","",""
"6978f6612e85a8713b98dd90","0","Bengbu","벙부시","city","","기존 호구·인구 자료 연결","","","","","","","","","187000","221000","61200","102000","153000","272000","340000","374000","442000","323000","340000","391000","493000","629000","612000","561000","663000","561000","442000","374000","391000","357000","425000","476000","544000","680000","816000","1190000","","","","",""
"6978f6892e85a8713b98dd91","0","Huai'an","화이안시","city","","기존 호구·인구 자료 연결","","","","","","","","","269500","318500","88200","147000","220500","392000","490000","539000","637000","465500","490000","563500","710500","906500","882000","808500","955500","808500","637000","539000","563500","514500","612500","686000","784000","980000","1176000","1715000","","","","",""
"6978f69f2e85a8713b98dd92","0","Yancheng City","옌청시","city","","","","","","","","","","","","","","","","","","","","","","","","","","","","","","","","","","","","","","","","","","",""
"6978f6d02e85a8713b98dd93","0","Nantong","난퉁시","city","","기존 호구·인구 자료 연결","","","","","","","","","","","","","","584000","730000","803000","949000","693500","730000","839500","1058500","1350500","1314000","1204500","1423500","1204500","949000","803000","839500","766500","912500","1022000","1168000","1460000","1752000","2555000","","","","",""
"6978f6f72e85a8713b98dd95","0","Yangzhou City","양저우시","city","","기존 호구·인구 자료 연결","","","","","","","","","253000","299000","82800","138000","207000","368000","460000","506000","598000","437000","460000","529000","667000","851000","828000","759000","897000","759000","598000","506000","529000","483000","575000","644000","736000","920000","1104000","1610000","","","","",""
"6978f7142e85a8713b98dd96","0","Chuzhou","추저우시","city","","","","","","","","","","","","","","","","","","","","","","","","","","","","","","","","","","","","","","","","","","",""
"6978f72d2e85a8713b98dd97","0","Ma'anshan","마안산시","city","","","","","","","","","","","","","","","","","","","","","","","","","","","","","","","","","","","","","","","","","","",""
"6978f7702e85a8713b98dd98","0","Zhenjiang","전장시","city","","기존 호구·인구 자료 연결","","","","","","","","","176000","208000","57600","96000","144000","256000","320000","352000","416000","304000","320000","368000","464000","592000","576000","528000","624000","528000","416000","352000","368000","336000","400000","448000","512000","640000","768000","1120000","","","","",""
"6978f7882e85a8713b98dd99","0","Changzhou","창저우시","city","","","","","","","","","","","","","","","","","","","","","","","","","","","","","","","","","","","","","","","","","","",""
"6978f79e2e85a8713b98dd9a","0","Hangzhou City","항저우시","city","","기존 호구·인구 자료 연결","","","","","","","","","","","219600","366000","549000","976000","1220000","1342000","1586000","1159000","1220000","1403000","1769000","2257000","2196000","2013000","2379000","2013000","1586000","1342000","1403000","1281000","1525000","1708000","1952000","2440000","2928000","4270000","","","","",""
"6978f7c02e85a8713b98dd9b","0","Shaoxing","사오싱시","city","","기존 호구·인구 자료 연결","","","","","","","","","302500","357500","99000","165000","247500","440000","550000","605000","715000","522500","550000","632500","797500","1017500","990000","907500","1072500","907500","715000","605000","632500","577500","687500","770000","880000","1100000","1320000","1925000","","","","",""
"6978f7e32e85a8713b98dd9c","0","Ningbo","닝보시","city","","기존 호구·인구 자료 연결","","","","","","","","","","","169200","282000","423000","752000","940000","1034000","1222000","893000","940000","1081000","1363000","1739000","1692000","1551000","1833000","1551000","1222000","1034000","1081000","987000","1175000","1316000","1504000","1880000","2256000","3290000","","","","",""
"6978f7f62e85a8713b98dd9d","0","Taizhou","타이저우시","city","","","","","","","","","","","","","","","","","","","","","","","","","","","","","","","","","","","","","","","","","","",""
"6978f8312e85a8713b98dd9e","0","Fuzhou City","푸저우시","city","","기존 호구·인구 자료 연결","","","","","","","","","","","149400","249000","373500","664000","830000","913000","1079000","788500","830000","954500","1203500","1535500","1494000","1369500","1618500","1369500","1079000","913000","954500","871500","1037500","1162000","1328000","1660000","1992000","2905000","","","","",""
"6978f84c2e85a8713b98dd9f","0","Wenzhou","원저우시","city","","기존 호구·인구 자료 연결","","","","","","","","","","","167400","279000","418500","744000","930000","1023000","1209000","883500","930000","1069500","1348500","1720500","1674000","1534500","1813500","1534500","1209000","1023000","1069500","976500","1162500","1302000","1488000","1860000","2232000","3255000","","","","",""
"6978f8db2e85a8713b98dda0","0","Yichun","이춘시","city","","","","","","","","","","","","","","","","","","","","","","","","","","","","","","","","","","","","","","","","","","",""
"6978f91b2e85a8713b98dda1","0","Jingdezhen","징더전시","city","","","","","","","","","","","","","","","","","","","","","","","","","","","","","","","","","","","","","","","","","","",""
"6978f92f2e85a8713b98dda2","0","Huangshan","황산시","city","","","","","","","","","","","","","","","","","","","","","","","","","","","","","","","","","","","","","","","","","","",""
"6978f9372e85a8713b98dda3","0","Jinhua","진화시","city","","","","","","","","","","","","","","","","","","","","","","","","","","","","","","","","","","","","","","","","","","",""
"6978f9a72e85a8713b98dda4","0","Nanping City","난핑시","city","","","","","","","","","","","","","","","","","","","","","","","","","","","","","","","","","","","","","","","","","","",""
"6978f9ca2e85a8713b98dda6","0","Liaocheng","랴오청시","city","","","","","","","","","","","","","","","","","","","","","","","","","","","","","","","","","","","","","","","","","","",""
"6978fa0a2e85a8713b98dda7","0","Cangzhou","창저우시","city","","기존 호구·인구 자료 연결","","","","","","","","","","","135000","225000","337500","600000","750000","825000","975000","712500","750000","862500","1087500","1387500","1350000","1237500","1462500","1237500","975000","825000","862500","787500","937500","1050000","1200000","1500000","1800000","2625000","","","","",""
"6978fa7e2e85a8713b98dda9","0","Yangquan City","양취안시","city","","","","","","","","","","","","","","","","","","","","","","","","","","","","","","","","","","","","","","","","","","",""
"6978fad12e85a8713b98ddaa","0","Weinan City","웨이난시","city","","","","","","","","","","","","","","","","","","","","","","","","","","","","","","","","","","","","","","","","","","",""
"697967162e85a8713b98ddab","0","Chaoyang City","차오양시","city","","","","","","","","","","","","","","","","","","","","","","","","","","","","","","","","","","","","","","","","","","",""
"697967292e85a8713b98ddac","0","Jinzhou City","진저우시","city","","","","","","","","","","","","","","","","","","","","","","","","","","","","","","","","","","","","","","","","","","",""
"6979673d2e85a8713b98ddad","0","Panjin City","판진시","city","","","","","","","","","","","","","","","","","","","","","","","","","","","","","","","","","","","","","","","","","","",""
"697967532e85a8713b98ddae","0","Anshan City","안산시","city","","기존 호구·인구 자료 연결","","","","","","","","","","","61200","102000","153000","272000","340000","374000","442000","323000","340000","391000","493000","629000","612000","561000","663000","561000","442000","374000","391000","357000","425000","476000","544000","680000","816000","1190000","","","","",""
"6979676c2e85a8713b98ddaf","0","Yingkou City","잉커우시","city","","","","","","","","","","","","","","","","","","","","","","","","","","","","","","","","","","","","","","","","","","",""
"69796f812e85a8713b98ddb0","0","Dandong City","단둥시","city","","기존 호구·인구 자료 연결","","","","","","","","","132000","156000","43200","75900","113850","202400","253000","278300","328900","240350","253000","290950","366850","468050","455400","417450","493350","417450","328900","278300","290950","265650","316250","354200","404800","506000","607200","885500","","","","",""
"69796fb52e85a8713b98ddb1","0","Benxi City","번시시","city","","","","","","","","","","","","","","","","","","","","","","","","","","","","","","","","","","","","","","","","","","",""
"697977be2e85a8713b98ddb4","0","Suqian","쑤첸시","city","","","","","","","","","","","","","","","","","","","","","","","","","","","","","","","","","","","","","","","","","","",""
"697978032e85a8713b98ddb6","0","Bozhou","보저우시","city","","","","","","","","","","","","","","","","","","","","","","","","","","","","","","","","","","","","","","","","","","",""
"6979781e2e85a8713b98ddb7","0","Fuyang","푸양시","city","","","","","","","","","","","","","","","","","","","","","","","","","","","","","","","","","","","","","","","","","","",""
"697978432e85a8713b98ddb8","0","Huainan","화이난시","city","","기존 호구·인구 자료 연결","","","","","","","","","187000","221000","61200","102000","153000","272000","340000","374000","442000","323000","340000","391000","493000","629000","612000","561000","663000","561000","442000","374000","391000","357000","425000","476000","544000","680000","816000","1190000","","","","",""
"697b6a5e055a3cf4853e0bb9","0","Turpan","투루판시","city","","기존 호구·인구 자료 연결","","","","","","","","","38500","45500","12600","21000","31500","56000","70000","77000","91000","66500","70000","80500","101500","129500","126000","115500","136500","115500","91000","77000","80500","73500","87500","98000","112000","140000","168000","245000","","","","",""
"697b6ae3055a3cf4853e0bba","0","Zhangye","장예시","city","","","","","","","","","","","","","","","","","","","","","","","","","","","","","","","","","","","","","","","","","","",""
"697df33deb509873cccf3280","0","Heze","허쩌시","city","","","","","","","","","","","","","","","","","","","","","","","","","","","","","","","","","","","","","","","","","","",""
"697fe64e78fc0cfe1217ba7d","0","Dornod","더르너드주","province","","","","","","","","","","","","","","","","","","","","","","","","","","","","","","","","","","","","","","","","","","",""
"697fe65d78fc0cfe1217ba7e","0","Sükhbaatar","수흐바타르주","province","","","","","","","","","","","","","","","","","","","","","","","","","","","","","","","","","","","","","","","","","","",""
"697fe67178fc0cfe1217ba7f","0","Khentii","헹티주","province","","","","","","","","","","","","","","","","","","","","","","","","","","","","","","","","","","","","","","","","","","",""
"697fe68278fc0cfe1217ba80","0","Dornogovi","더르너고비주","province","","","","","","","","","","","","","","","","","","","","","","","","","","","","","","","","","","","","","","","","","","",""
"697fe69878fc0cfe1217ba81","0","Dundgovi","동드고비주","province","","","","","","","","","","","","","","","","","","","","","","","","","","","","","","","","","","","","","","","","","","",""
"697fe6ab78fc0cfe1217ba82","0","Ömnögovi","우므느고비주","province","","","","","","","","","","","","","","","","","","","","","","","","","","","","","","","","","","","","","","","","","","",""
"697fe6be78fc0cfe1217ba83","0","Övörkhangai","우부르항가이주","province","","기존 호구·인구 자료 연결","","","","","","","","","","","","","","","","","","","","","","","","","2925","2475","1950","1650","1725","1575","1875","","","","","","","","","",""
"697fe6cc78fc0cfe1217ba84","0","Arkhangai","아르항가이주","province","","","","","","","","","","","","","","","","","","","","","","","","","","","","","","","","","","","","","","","","","","",""
"697fe6db78fc0cfe1217ba85","0","Bulgan","볼간주","province","","","","","","","","","","","","","","","","","","","","","","","","","","","","","","","","","","","","","","","","","","",""
"697fe6eb78fc0cfe1217ba86","0","Hovsgel","후브스굴주","province","","","","","","","","","","","","","","","","","","","","","","","","","","","","","","","","","","","","","","","","","","",""
"697fe6f978fc0cfe1217ba87","0","Zavkhan","자브항주","province","","","","","","","","","","","","","","","","","","","","","","","","","","","","","","","","","","","","","","","","","","",""
"697fe70678fc0cfe1217ba88","0","고비알타이주","고비알타이주","city","고비알타이주","","","","","","","","","","","","","","","","","","","","","","","","","","","","","","","","","","","","","","","","","",""
"697fe71678fc0cfe1217ba89","0","허브드주","허브드주","province","허브드주","","","","","","","","","","","","","","","","","","","","","","","","","","","","","","","","","","","","","","","","","",""
"697fe72478fc0cfe1217ba8a","0","오브스주","오브스주","province","오브스주","","","","","","","","","","","","","","","","","","","","","","","","","","","","","","","","","","","","","","","","","",""
"697fe73278fc0cfe1217ba8b","0","바잉울기","바잉울기","province","바잉울기","","","","","","","","","","","","","","","","","","","","","","","","","","","","","","","","","","","","","","","","","",""
"697fe74f78fc0cfe1217ba8c","0","Altay Prefecture","아러타이지구","city","","","","","","","","","","","","","","","","","","","","","","","","","","","","","","","","","","","","","","","","","","",""
"697fe77278fc0cfe1217ba8d","0","Tacheng Prefecture","타청지구","city","","","","","","","","","","","","","","","","","","","","","","","","","","","","","","","","","","","","","","","","","","",""
"697fea1178fc0cfe1217ba8f","0","Tuva Republic","투바 공화국","province","","","","","","","","","","","","","","","","","","","","","","","","","","","","","","","","","","","","","","","","","","",""
"697febbb78fc0cfe1217ba90","0","Irkutsk Oblast","Иркутская область","province","","","","","","","","","","","","","","","","","","","","","","","","","","","","","","","","","","","","","","","","","","",""
"697fec7578fc0cfe1217ba91","0","Volga Federal District","프리볼시스키 연방관구","city","","","","","","","","","","","","","","","","","","","","","","","","","","","","","","","","","","","","","","","","","","",""
"697fec9778fc0cfe1217ba92","0","Central Federal District","Центральный федеральный округ","province","","","","","","","","","","","","","","","","","","","","","","","","","","","","","","","","","","","","","","","","","","",""
"697fed8478fc0cfe1217ba93","0","Southern Federal District","남부연방관구","province","Southern Federal District","","","","","","","","","","","","","","","","","","","","","","","","","","","","","","","","","","","","","","","","","",""
"699dc5aa207c1bca806dd2b4","0","Zhejiang","","province","","","","","","","","","","","","","","","","","","","","","","","","","","","","","","","","","","","","","","","","","","",""
"699dc5aa207c1bca806dd2d3","0","Khabarovsk","","city","","","","","","","","","","","","","","","","","","","","","","","","","","","","","","","","","","","","","","","","","","",""
"699dc5aa207c1bca806dd2d6","0","Indonesia","","country","","","","","","","","","","","","","","","","","","","","","","","","","","","","","","","","","","","","","","","","","","",""
"699dc5aa207c1bca806dd2d7","0","Malaysia","","country","","","","","","","","","","","","","","","","","","","","","","","","","","","","","","","","","","","","","","","","","","",""
"699dc5aa207c1bca806dd2d8","0","France","프랑스","province","","","","","","","","","","","","","","","","","","","","","","","","","","","","","","","","","","","","","","","","","","",""
"69a2fe03f8b3f36ff5487673","0","Buryatia","Республика Бурятия","province","","","","","","","","","","","","","","","","","","","","","","","","","","","","","","","","","","","","","","","","","","",""
"69c366fd4c97ab064f26819f","0","Tajikistan","타지키스탄","city","Tajikistan","","","","","","","","","","","","","","","","","","","","","","","","","","","","","","","","","","","","","","","","","",""
"69c3734db59cf26e80e21f89","0","India","인도","province","India","","","","","","","","","","","","","","","","","","","","","","","","","","","","","","","","","","","","","","","","","",""
"69c37e7ca94741d291680790","0","Iraq","이라크","province","Iraq","","","","","","","","","","","","","","","","","","","","","","","","","","","","","","","","","","","","","","","","","",""
"69c37f2da94741d291680791","0","Laos","라오스","country","Laos","","","","","","","","","","","","","","","","","","","","","","","","","","","","","","","","","","","","","","","","","",""
"69c38192a94741d291680792","0","Tsushima","쓰시마시","city","Tsushima","","","","","","","","","","","","","","","","","","","","","","","","","","","","","","","","","","","","","","","","","",""
"69c3f700665027869a1472b3","0","Turkmenistan","투르크메니스탄","province","Turkmenistan","","","","","","","","","","","","","","","","","","","","","","","","","","","","","","","","","","","","","","","","","",""
"69c3f74e665027869a1472b4","0","Afghanistan","아프가니스탄","province","Afghanistan","","","","","","","","","","","","","","","","","","","","","","","","","","","","","","","","","","","","","","","","","",""
"69c3f7a5665027869a1472b5","0","Pakistan","파키스탄","province","Pakistan","","","","","","","","","","","","","","","","","","","","","","","","","","","","","","","","","","","","","","","","","",""
"69c3f87a665027869a1472b6","0","Kyrgyzstan","키르기스스탄","province","Kyrgyzstan","","","","","","","","","","","","","","","","","","","","","","","","","","","","","","","","","","","","","","","","","",""
"69ccb0ef576b4754a2bd0a6f","0","Huludao City","후루다오시","city","Huludao City","","","","","","","","","","","","","","","","","","","","","","","","","","","","","","","","","","","","","","","","","",""
"69ccb1cd576b4754a2bd0a70","0","Qinhuangdao","친황다오시","city","Qinhuangdao","","","","","","","","","","","","","","","","","","","","","","","","","","","","","","","","","","","","","","","","","",""
"69cd188ca0643be3b024ba91","0","Vietnam","베트남","country","Vietnam","기존 호구·인구 자료 연결","","","","","","","","","451000","533000","147600","282000","423000","752000","940000","1034000","1222000","1738500","1830000","2104500","2653500","3385500","3294000","3019500","3568500","3019500","2379000","2013000","2104500","1921500","2287500","2562000","2928000","3660000","4392000","6405000","","","","",""
"69cd18e8a0643be3b024ba92","0","North Korea","조선민주주의인민공화국","country","North Korea","기존 호구·인구 자료 연결","","","","","","","","","170500","201500","55800","126600","189900","337600","422000","464200","548600","400900","422000","485300","611900","780700","759600","696300","822900","696300","548600","464200","485300","443100","527500","590800","675200","844000","1012800","1477000","","","","",""
"69cd1f7737132c8534c9493b","0","Inner Mongolia","내몽골","country","","1차 시대별 모델 추정: 역사 인구 총량 추세와 현대 인구 규모를 결합한 기준 시계열","0.35","","","","","","","","750000","900000","700000","800000","","950000","","","1100000","","","1200000","","1350000","","","1550000","","1800000","","1550000","","1250000","","1200000","1450000","1900000","3000000","","6000000","8000000","23750000","24000000"
"69cd1f7837132c8534c9493f","0","Gansu","감숙","country","","","","","","","","","","","","","","","","","","","","","","","","","","","","","","","","","","","","","","","","","","",""
"69cd1f7937132c8534c94940","0","Guangxi","광서","province","","","","","","","","","","","","","","","","","","","","","","","","","","","","","","","","","","","","","","","","","","",""
"69cd1f7937132c8534c94942","0","Shaanxi","섬서","country","","","","","","","","","","","","","","","","","","","","","","","","","","","","","","","","","","","","","","","","","","",""
"69cd1f7a37132c8534c94944","0","Hebei","하북","province","","","","","","","","","","","","","","","","","","","","","","","","","","","","","","","","","","","","","","","","","","",""
"69cd1f7b37132c8534c94945","0","Shandong","산동","country","","1차 시대별 모델 추정: 역사 인구 총량 추세와 현대 인구 규모를 결합한 기준 시계열","0.35","","","","","","","","5200000","6200000","4300000","2800000","","4800000","","","7600000","","","9800000","","11600000","","","","","9000000","","","","9800000","","12500000","17500000","21500000","30000000","","38000000","49000000","89000000","101500000"
"69cd1f7c37132c8534c94946","0","Henan","하남","province","","","","","","","","","","","","","","","","","","","","","","","","","","","","","","","","","","","","","","","","","","",""
"69cd1f7c37132c8534c94947","0","Liaoning","요녕","province","","","","","","","","","","","","","","","","","","","","","","","","","","","","","","","","","","","","","","","","","","",""
"69cd1f7c37132c8534c94948","0","Shanxi","산서","province","","","","","","","","","","","","","","","","","","","","","","","","","","","","","","","","","","","","","","","","","","",""
"69cd1f7e37132c8534c9494b","0","Jiangsu","강소","country","","","","","","","","","","","","","","","","","","","","","","","","","","","","","","","","","","","","","","","","","","",""
"69cd1f7f37132c8534c9494c","0","Macao","마카오","city","","","","","","","","","","","","","","","","","","","","","","","","","","","","","","","","","","","","","","","","","","",""
"69cd1f8037132c8534c9494e","0","Karachay-Cherkess Republic","","province","","","","","","","","","","","","","","","","","","","","","","","","","","","","","","","","","","","","","","","","","","",""
"69cd1f8137132c8534c9494f","0","Sakhalin Oblast","","province","","","","","","","","","","","","","","","","","","","","","","","","","","","","","","","","","","","","","","","","","","",""
"69cd1f8137132c8534c94950","0","Voronezh Oblast","","province","","","","","","","","","","","","","","","","","","","","","","","","","","","","","","","","","","","","","","","","","","",""
"69cd1f8137132c8534c94951","0","Tomsk Oblast","","province","","","","","","","","","","","","","","","","","","","","","","","","","","","","","","","","","","","","","","","","","","",""
"69cd1f8237132c8534c94952","0","Novosibirsk Oblast","","province","","","","","","","","","","","","","","","","","","","","","","","","","","","","","","","","","","","","","","","","","","",""
"69cd1f8237132c8534c94953","0","Nenets Autonomous Okrug","","province","","","","","","","","","","","","","","","","","","","","","","","","","","","","","","","","","","","","","","","","","","",""
"69cd1f8237132c8534c94954","0","Magadan Oblast","","province","","","","","","","","","","","","","","","","","","","","","","","","","","","","","","","","","","","","","","","","","","",""
"69cd1f8337132c8534c94955","0","Kamchatka Krai","","province","","","","","","","","","","","","","","","","","","","","","","","","","","","","","","","","","","","","","","","","","","",""
"69cd1f8337132c8534c94957","0","Stavropol Krai","","province","","","","","","","","","","","","","","","","","","","","","","","","","","","","","","","","","","","","","","","","","","",""
"69cd1f8437132c8534c94958","0","Altai Krai","","province","","","","","","","","","","","","","","","","","","","","","","","","","","","","","","","","","","","","","","","","","","",""
"69cd1f8437132c8534c94959","0","Moscow","","province","","","","","","","","","","","","","","","","","","","","","","","","","","","","","","","","","","","","","","","","","","",""
"69cd1f8537132c8534c9495a","0","Tambov Oblast","","province","","","","","","","","","","","","","","","","","","","","","","","","","","","","","","","","","","","","","","","","","","",""
"69cd1f8537132c8534c9495b","0","Sverdlovsk Oblast","","province","","","","","","","","","","","","","","","","","","","","","","","","","","","","","","","","","","","","","","","","","","",""
"69cd1f8637132c8534c9495c","0","Khanty–Mansi Autonomous Okrug – Yugra","","province","","","","","","","","","","","","","","","","","","","","","","","","","","","","","","","","","","","","","","","","","","",""
"69cd1f8637132c8534c9495d","0","Chukotka Autonomous Okrug","","province","","","","","","","","","","","","","","","","","","","","","","","","","","","","","","","","","","","","","","","","","","",""
"69cd1f8637132c8534c9495e","0","Tyumen Oblast","","province","","","","","","","","","","","","","","","","","","","","","","","","","","","","","","","","","","","","","","","","","","",""
"69cd1f8737132c8534c9495f","0","Vladimir Oblast","","province","","","","","","","","","","","","","","","","","","","","","","","","","","","","","","","","","","","","","","","","","","",""
"69cd1f8737132c8534c94960","0","Moscow Oblast","","province","","","","","","","","","","","","","","","","","","","","","","","","","","","","","","","","","","","","","","","","","","",""
"69cd1f8737132c8534c94961","0","Volgograd Oblast","","province","","","","","","","","","","","","","","","","","","","","","","","","","","","","","","","","","","","","","","","","","","",""
"69cd1f8837132c8534c94962","0","Orenburg Oblast","","province","","","","","","","","","","","","","","","","","","","","","","","","","","","","","","","","","","","","","","","","","","",""
"69cd1f8837132c8534c94963","0","Samara Oblast","","province","","","","","","","","","","","","","","","","","","","","","","","","","","","","","","","","","","","","","","","","","","",""
"69cd1f8937132c8534c94964","0","Astrakhan Oblast","","province","","","","","","","","","","","","","","","","","","","","","","","","","","","","","","","","","","","","","","","","","","",""
"69cd1f8937132c8534c94965","0","Republic of Adygea","","province","","","","","","","","","","","","","","","","","","","","","","","","","","","","","","","","","","","","","","","","","","",""
"69cd1f8937132c8534c94966","0","Republic of Kalmykia","","province","","","","","","","","","","","","","","","","","","","","","","","","","","","","","","","","","","","","","","","","","","",""
"69cd1f8a37132c8534c94967","0","Krasnodar Krai","","province","","","","","","","","","","","","","","","","","","","","","","","","","","","","","","","","","","","","","","","","","","",""
"69cd1f8a37132c8534c94968","0","Rostov Oblast","","province","","","","","","","","","","","","","","","","","","","","","","","","","","","","","","","","","","","","","","","","","","",""
"69cd1f8a37132c8534c94969","0","Murmansk Oblast","","province","","","","","","","","","","","","","","","","","","","","","","","","","","","","","","","","","","","","","","","","","","",""
"69cd1f8b37132c8534c9496a","0","Pskov Oblast","","province","","","","","","","","","","","","","","","","","","","","","","","","","","","","","","","","","","","","","","","","","","",""
"69cd1f8b37132c8534c9496b","0","Saint Petersburg","","province","","","","","","","","","","","","","","","","","","","","","","","","","","","","","","","","","","","","","","","","","","",""
"69cd1f8b37132c8534c9496c","0","Leningrad Oblast","","province","","","","","","","","","","","","","","","","","","","","","","","","","","","","","","","","","","","","","","","","","","",""
"69cd1f8c37132c8534c9496d","0","Republic of Mordovia","","province","","","","","","","","","","","","","","","","","","","","","","","","","","","","","","","","","","","","","","","","","","",""
"69cd1f8c37132c8534c9496e","0","Republic of Tatarstan","","province","","","","","","","","","","","","","","","","","","","","","","","","","","","","","","","","","","","","","","","","","","",""
"69cd1f8c37132c8534c9496f","0","Kirov Oblast","","province","","","","","","","","","","","","","","","","","","","","","","","","","","","","","","","","","","","","","","","","","","",""
"69cd1f8d37132c8534c94970","0","Kostroma Oblast","","province","","","","","","","","","","","","","","","","","","","","","","","","","","","","","","","","","","","","","","","","","","",""
"69cd1f8d37132c8534c94971","0","Tver Oblast","","province","","","","","","","","","","","","","","","","","","","","","","","","","","","","","","","","","","","","","","","","","","",""
"69cd1f8e37132c8534c94972","0","Tula Oblast","","province","","","","","","","","","","","","","","","","","","","","","","","","","","","","","","","","","","","","","","","","","","",""
"69cd1f8e37132c8534c94973","0","Kaluga Oblast","","province","","","","","","","","","","","","","","","","","","","","","","","","","","","","","","","","","","","","","","","","","","",""
"69cd1f8e37132c8534c94974","0","Ulyanovsk Oblast","","province","","","","","","","","","","","","","","","","","","","","","","","","","","","","","","","","","","","","","","","","","","",""
"69cd1f8f37132c8534c94975","0","Mari El Republic","","province","","","","","","","","","","","","","","","","","","","","","","","","","","","","","","","","","","","","","","","","","","",""
"69cd1f8f37132c8534c94976","0","Smolensk Oblast","","province","","","","","","","","","","","","","","","","","","","","","","","","","","","","","","","","","","","","","","","","","","",""
"69cd1f8f37132c8534c94977","0","Perm Krai","","province","","","","","","","","","","","","","","","","","","","","","","","","","","","","","","","","","","","","","","","","","","",""
"69cd1f9037132c8534c94978","0","Ivanovo Oblast","","province","","","","","","","","","","","","","","","","","","","","","","","","","","","","","","","","","","","","","","","","","","",""
"69cd1f9037132c8534c94979","0","Chuvash Republic","","province","","","","","","","","","","","","","","","","","","","","","","","","","","","","","","","","","","","","","","","","","","",""
"69cd1f9037132c8534c9497a","0","Republic of North Ossetia-Alania","","province","","","","","","","","","","","","","","","","","","","","","","","","","","","","","","","","","","","","","","","","","","",""
"69cd1f9137132c8534c9497b","0","Bryansk Oblast","","province","","","","","","","","","","","","","","","","","","","","","","","","","","","","","","","","","","","","","","","","","","",""
"69cd1f9137132c8534c9497c","0","Penza Oblast","","province","","","","","","","","","","","","","","","","","","","","","","","","","","","","","","","","","","","","","","","","","","",""
"69cd1f9237132c8534c9497d","0","Belgorod Oblast","","province","","","","","","","","","","","","","","","","","","","","","","","","","","","","","","","","","","","","","","","","","","",""
"69cd1f9237132c8534c9497e","0","Lipetsk Oblast","","province","","","","","","","","","","","","","","","","","","","","","","","","","","","","","","","","","","","","","","","","","","",""
"69cd1f9237132c8534c9497f","0","Novgorod Oblast","","province","","","","","","","","","","","","","","","","","","","","","","","","","","","","","","","","","","","","","","","","","","",""
"69cd1f9337132c8534c94980","0","Arkhangelsk Oblast","","province","","","","","","","","","","","","","","","","","","","","","","","","","","","","","","","","","","","","","","","","","","",""
"69cd1f9337132c8534c94981","0","Nizhny Novgorod Oblast","","province","","","","","","","","","","","","","","","","","","","","","","","","","","","","","","","","","","","","","","","","","","",""
"69cd1f9337132c8534c94982","0","Kurgan Oblast","","province","","","","","","","","","","","","","","","","","","","","","","","","","","","","","","","","","","","","","","","","","","",""
"69cd1f9437132c8534c94983","0","Kursk Oblast","","province","","","","","","","","","","","","","","","","","","","","","","","","","","","","","","","","","","","","","","","","","","",""
"69cd1f9437132c8534c94984","0","Altai Republic","","province","","","","","","","","","","","","","","","","","","","","","","","","","","","","","","","","","","","","","","","","","","",""
"69cd1f9537132c8534c94985","0","Ryazan Oblast","","province","","","","","","","","","","","","","","","","","","","","","","","","","","","","","","","","","","","","","","","","","","",""
"69cd1f9537132c8534c94986","0","Yamalo-Nenets Autonomous Okrug","","province","","","","","","","","","","","","","","","","","","","","","","","","","","","","","","","","","","","","","","","","","","",""
"69cd1f9537132c8534c94987","0","Krasnoyarsk Krai","","province","","","","","","","","","","","","","","","","","","","","","","","","","","","","","","","","","","","","","","","","","","",""
"69cd1f9637132c8534c94989","0","Republic of Dagestan","","province","","","","","","","","","","","","","","","","","","","","","","","","","","","","","","","","","","","","","","","","","","",""
"69cd1f9737132c8534c9498a","0","Omsk Oblast","","province","","","","","","","","","","","","","","","","","","","","","","","","","","","","","","","","","","","","","","","","","","",""
"69cd1f9737132c8534c9498b","0","Komi Republic","","province","","","","","","","","","","","","","","","","","","","","","","","","","","","","","","","","","","","","","","","","","","",""
"69cd1f9737132c8534c9498c","0","Chechen Republic","","province","","","","","","","","","","","","","","","","","","","","","","","","","","","","","","","","","","","","","","","","","","",""
"69cd1f9837132c8534c9498d","0","Kabardino-Balkar Republic","","province","","","","","","","","","","","","","","","","","","","","","","","","","","","","","","","","","","","","","","","","","","",""
"69cd1f9837132c8534c9498e","0","Saratov Oblast","","province","","","","","","","","","","","","","","","","","","","","","","","","","","","","","","","","","","","","","","","","","","",""
"69cd1f9937132c8534c9498f","0","Kaliningrad Oblast","","province","","","","","","","","","","","","","","","","","","","","","","","","","","","","","","","","","","","","","","","","","","",""
"69cd1f9937132c8534c94990","0","Oryol Oblast","","city","","","","","","","","","","","","","","","","","","","","","","","","","","","","","","","","","","","","","","","","","","",""
"69cd1f9937132c8534c94991","0","Republic of Karelia","","province","","","","","","","","","","","","","","","","","","","","","","","","","","","","","","","","","","","","","","","","","","",""
"69cd1f9a37132c8534c94993","0","Jewish Autonomous Oblast","","city","","","","","","","","","","","","","","","","","","","","","","","","","","","","","","","","","","","","","","","","","","",""
"69cd1f9b37132c8534c94995","0","Kemerovo Oblast","","province","","","","","","","","","","","","","","","","","","","","","","","","","","","","","","","","","","","","","","","","","","",""
"69cd1f9b37132c8534c94996","0","Republic of Khakassia","","province","","","","","","","","","","","","","","","","","","","","","","","","","","","","","","","","","","","","","","","","","","",""
"69cd1f9c37132c8534c94997","0","Yaroslavl Oblast","","province","","","","","","","","","","","","","","","","","","","","","","","","","","","","","","","","","","","","","","","","","","",""
"69cd1f9c37132c8534c94998","0","Udmurt Republic","","province","","","","","","","","","","","","","","","","","","","","","","","","","","","","","","","","","","","","","","","","","","",""
"69cd1f9d37132c8534c94999","0","Vologda Oblast","","province","","","","","","","","","","","","","","","","","","","","","","","","","","","","","","","","","","","","","","","","","","",""
"69cd1f9d37132c8534c9499a","0","Republic of Ingushetia","","city","","","","","","","","","","","","","","","","","","","","","","","","","","","","","","","","","","","","","","","","","","",""
"69cd1f9d37132c8534c9499b","0","Chelyabinsk Oblast","","province","","","","","","","","","","","","","","","","","","","","","","","","","","","","","","","","","","","","","","","","","","",""
"69cd1f9e37132c8534c9499c","0","Republic of Bashkortostan","","province","","","","","","","","","","","","","","","","","","","","","","","","","","","","","","","","","","","","","","","","","","",""
"69cd1f9e37132c8534c9499d","0","Seoul","서울특별시","city","","기존 호구·인구 자료 연결","","","","","","","","","","630500","174600","291000","436500","776000","970000","1067000","1261000","921500","970000","1115500","1406500","1794500","1746000","1600500","1891500","1600500","1261000","1067000","1115500","1018500","1212500","1358000","1552000","1940000","2328000","3395000","","","","",""
"69cd1f9f37132c8534c9499e","0","Busan","부산광역시","city","","기존 호구·인구 자료 연결","","","","","","","","","","","","100800","151200","268800","336000","369600","436800","319200","336000","386400","487200","621600","604800","554400","655200","554400","436800","369600","386400","352800","420000","470400","537600","672000","806400","1176000","","","","",""
"69cd1fa037132c8534c9499f","0","Daegu","대구광역시","city","","기존 호구·인구 자료 연결","","","","","","","","","","","43740","72900","109350","194400","243000","267300","315900","230850","243000","279450","352350","449550","437400","400950","473850","400950","315900","267300","279450","255150","303750","340200","388800","486000","583200","850500","","","","",""
"69cd1fa037132c8534c949a0","0","Incheon","인천광역시","city","","","","","","","","","","","","","","","","","","","","","","","","","","","","","","","","","","","","","","","","","","",""
"69cd1fa137132c8534c949a1","0","Gwangju","광주광역시","city","","기존 호구·인구 자료 연결","","","","","","","","","","","26100","43500","65250","116000","145000","159500","188500","137750","145000","166750","210250","268250","261000","239250","282750","239250","188500","159500","166750","152250","181250","203000","232000","290000","348000","507500","","","","",""
"69cd1fa137132c8534c949a2","0","Daejeon","대전광역시","city","","","","","","","","","","","","","","","","","","","","","","","","","","","","","","","","","","","","","","","","","","",""
"69cd1fa237132c8534c949a3","0","Ulsan","울산광역시","city","","","","","","","","","","","","","","","","","","","","","","","","","","","","","","","","","","","","","","","","","","",""
"69cd1fa237132c8534c949a4","0","Sejong","세종특별자치시","city","","","","","","","","","","","","","","","","","","","","","","","","","","","","","","","","","","","","","","","","","","",""
"69cd1fa237132c8534c949a5","0","Gyeonggi","경기도","province","","","","","","","","","","","","","","","","","","","","","","","","","","","","","","","","","","","","","","","","","","",""
"69cd1fa337132c8534c949a6","0","Gangwon","강원도","province","","","","","","","","","","","","","","","","","","","","","","","","","","","","","","","","","","","","","","","","","","",""
"69cd1fa437132c8534c949a7","0","North Chungcheong","충청북도","province","","기존 호구·인구 자료 연결","","","","","","","","","","","","25500","38250","68000","85000","93500","110500","80750","85000","97750","123250","157250","153000","140250","165750","140250","110500","93500","97750","89250","106250","119000","136000","170000","204000","297500","","","","",""
"69cd1fa437132c8534c949a8","0","South Chungcheong","충청남도","province","","기존 호구·인구 자료 연결","","","","","","","","","","11700","3240","5400","8100","14400","18000","19800","14950","10925","11500","13225","16675","21275","20700","18975","22425","18975","14950","12650","13225","12075","14375","16100","18400","23000","27600","40250","","","","",""
"69cd1fa537132c8534c949a9","0","North Jeolla","전라북도","province","","기존 호구·인구 자료 연결","","","","","","","","","","","","19500","29250","52000","65000","71500","84500","61750","65000","74750","94250","120250","117000","107250","126750","107250","84500","71500","74750","68250","81250","91000","104000","130000","156000","227500","","","","",""
"69cd1fa537132c8534c949aa","0","South Jeolla","전라남도","province","","","","","","","","","","","","","","","","","","","","","","","","","","","","","","","","","","","","","","","","","","",""
"69cd1fa637132c8534c949ab","0","North Gyeongsang","경상북도","province","","기존 호구·인구 자료 연결","","","","","","","","","","16900","4680","7800","11700","20800","26000","28600","33800","24700","26000","29900","37700","48100","46800","42900","50700","42900","33800","28600","29900","27300","32500","36400","41600","52000","62400","91000","","","","",""
"69cd1fa737132c8534c949ac","0","South Gyeongsang","경상남도","province","","","","","","","","","","","","","","","","","","","","","","","","","","","","","","","","","","","","","","","","","","",""
"69cd1fa737132c8534c949ad","0","Jeju","제주특별자치도","province","","","","","","","","","","","","","","","","","","","","","","","","","","","","","","","","","","","","","","","","","","",""
"69cd21c8a0643be3b024bac1","0","Kazakhstan","카자흐스탄","country","Kazakhstan","","","","","","","","","","","","","","","","","","","","","","","","","","","","","","","","","","","","","","","","","",""
"69cd2219a0643be3b024bac3","0","Kyushu Region","규슈","province","Kyushu Region","기존 호구·인구 자료 연결","","","","","","","","","","","","","","","","","","133000","140000","161000","203000","259000","252000","231000","273000","231000","182000","154000","161000","147000","175000","196000","224000","280000","336000","490000","","","","",""
"69cd2255a0643be3b024bac4","0","Japan","일본","country","Japan","1차 시대별 모델 추정: 역사 인구 총량 추세와 현대 인구 규모를 결합한 기준 시계열","0.35","","","","","","","","2200000","3000000","3300000","4000000","","5000000","","","6500000","","","7000000","","7500000","","","","","9000000","","","","10500000","","12000000","17000000","28000000","30000000","","44000000","84000000","126800000","123000000"
"69cd24609f86f740005a7218","0","Bayankhongor","바얀홍고르주","city","","","","","","","","","","","","","","","","","","","","","","","","","","","","","","","","","","","","","","","","","","",""
"69cd24619f86f740005a721a","0","Darkhan-Uul","다르항올주","city","","","","","","","","","","","","","","","","","","","","","","","","","","","","","","","","","","","","","","","","","","",""
"69cd24629f86f740005a721d","0","Mongolia","몽골","country","Mongolia","1차 시대별 모델 추정: 역사 인구 총량 추세와 현대 인구 규모를 결합한 기준 시계열","0.35","","","","","","","","300000","350000","320000","420000","","500000","","","550000","","","600000","","650000","","","850000","","1150000","","1000000","","700000","","650000","600000","580000","620000","","650000","780000","2400000","3500000"
"69cdc636a0643be3b024bfc3","0","Alxa League","아라산맹","city","Alxa League","","","","","","","","","","","","","","","","","","","","","","","","","","","","","","","","","","","","","","","","","",""
"69cdc66ba0643be3b024bfc4","0","Wuwei","우웨이시","","Wuwei","","","","","","","","","","","","","","","","","","","","","","","","","","","","","","","","","","","","","","","","","",""
"69cdc69ea0643be3b024bfc5","0","Jinchang","진창시","city","Jinchang","","","","","","","","","","","","","","","","","","","","","","","","","","","","","","","","","","","","","","","","","",""
"69cdc6d3a0643be3b024bfc7","0","Hami","하미시","city","Hami","","","","","","","","","","","","","","","","","","","","","","","","","","","","","","","","","","","","","","","","","",""
"69cdc73da0643be3b024bfcc","0","Qinghai","칭하이성","province","Qinghai","","","","","","","","","","","","","","","","","","","","","","","","","","","","","","","","","","","","","","","","","",""
"69cdc771a0643be3b024bfcd","0","Ngawa Tibetan and Qiang Autonomous Prefecture","아바 티베트족 창족 자치주","","Ngawa Tibetan and Qiang Autonomous Prefecture","","","","","","","","","","","","","","","","","","","","","","","","","","","","","","","","","","","","","","","","","",""
"69cdc7a9a0643be3b024bfd0","0","Sichuan","쓰촨성","province","Sichuan","","","","","","","","","","","","","","","","","","","","","","","","","","","","","","","","","","","","","","","","","",""
"69cdc9d3a0643be3b024bfd8","0","Baoji","바오지시","city","Baoji","","","","","","","","","","","","","","","","","","","","","","","","","","","","","","","","","","","","","","","","","",""
"69cdca33a0643be3b024bfdb","0","Shiyan","스옌시","city","Shiyan","","","","","","","","","","","","","","","","","","","","","","","","","","","","","","","","","","","","","","","","","",""
"69cdca44a0643be3b024bfdc","0","Ankang","안캉시","city","Ankang","","","","","","","","","","","","","","","","","","","","","","","","","","","","","","","","","","","","","","","","","",""
"69cdcabda0643be3b024bfec","0","Hunan","후난성","province","Hunan","","","","","","","","","","","","","","","","","","","","","","","","","","","","","","","","","","","","","","","","","",""
"69cdcae1a0643be3b024bfed","0","Guangdong","광둥성","province","Guangdong","","","","","","","","","","","","","","","","","","","","","","","","","","","","","","","","","","","","","","","","","",""
"69cdcb13a0643be3b024bfee","0","Fujian","푸젠성","province","Fujian","기존 호구·인구 자료 연결","","","","","","","","","","","","267000","400500","712000","890000","979000","1157000","845500","890000","1023500","1290500","1646500","1602000","1468500","1735500","1468500","1157000","979000","1023500","934500","1112500","1246000","1424000","1780000","2136000","3115000","","","","",""
"69cdcb91a0643be3b024bff2","0","Jiangxi","장시성","province","Jiangxi","","","","","","","","","","","","","","","","","","","","","","","","","","","","","","","","","","","","","","","","","",""
"69cdcbd9a0643be3b024bff6","0","Anhui","안후이성","province","Anhui","","","","","","","","","","","","","","","","","","","","","","","","","","","","","","","","","","","","","","","","","",""
"69cdcc65a0643be3b024bff9","0","Primorsky Krai","프리모르스키 지방","","Primorsky Krai","","","","","","","","","","","","","","","","","","","","","","","","","","","","","","","","","","","","","","","","","",""
"69cdccbaa0643be3b024bffe","0","Amur Oblast","Амурская область","","Amur Oblast","","","","","","","","","","","","","","","","","","","","","","","","","","","","","","","","","","","","","","","","","",""
"69cdcd78a0643be3b024c001","0","Enshi","언스 투자족 먀오족 자치주","city","Enshi","","","","","","","","","","","","","","","","","","","","","","","","","","","","","","","","","","","","","","","","","",""
"69cdcdc7a0643be3b024c004","0","Thailand","태국","country","Thailand","","","","","","","","","","","","","","","","","","","","","","","","","","","","","","","","","","","","","","","","","",""
"69cdcde9a0643be3b024c005","0","Myanmar","미얀마","country","Myanmar","","","","","","","","","","","","","","","","","","","","","","","","","","","","","","","","","","","","","","","","","",""
"69cdd8e0a0643be3b024c041","0","Hohhot City","후허하오터시","city","Hohhot City","기존 호구·인구 자료 연결","","","","","","","","","","","61200","102000","153000","272000","340000","374000","442000","323000","340000","391000","493000","629000","612000","561000","663000","561000","442000","374000","391000","357000","425000","476000","544000","680000","816000","1190000","","","","",""
"69cdd944a0643be3b024c043","0","Weifang","웨이팡시","city","Weifang","기존 호구·인구 자료 연결","","","","","","","","","","","169200","282000","423000","752000","940000","1034000","1222000","893000","940000","1081000","1363000","1739000","1692000","1551000","1833000","1551000","1222000","1034000","1081000","987000","1175000","1316000","1504000","1880000","2256000","3290000","","","","",""
"69cdd971a0643be3b024c045","0","Dongying","둥잉시","city","Dongying","","","","","","","","","","","","","","","","","","","","","","","","","","","","","","","","","","","","","","","","","",""
"69cdf923a0643be3b024c0d4","0","Jining","지닝시","city","Jining","","","","","","","","","","","","","","","","","","","","","","","","","","","","","","","","","","","","","","","","","",""
"69cdf950a0643be3b024c0d5","0","Zaozhuang","짜오좡시","city","Zaozhuang","","","","","","","","","","","","","","","","","","","","","","","","","","","","","","","","","","","","","","","","","",""
"69cdf986a0643be3b024c0d9","0","Xuzhou","쉬저우시","city","Xuzhou","기존 호구·인구 자료 연결","","","","","","","","","495000","585000","162000","270000","405000","720000","900000","990000","1170000","855000","900000","1035000","1305000","1665000","1620000","1485000","1755000","1485000","1170000","990000","1035000","945000","1125000","1260000","1440000","1800000","2160000","3150000","","","","",""
"69cdfd02a0643be3b024c0e9","0","Puyang","쭈양시","city","Puyang","기존 호구·인구 자료 연결","","","","","","","","","214500","253500","70200","117000","175500","312000","390000","429000","507000","370500","390000","448500","565500","721500","702000","643500","760500","643500","507000","429000","448500","409500","487500","546000","624000","780000","936000","1365000","","","","",""
"69cdfd28a0643be3b024c0ea","0","Hebi","허비시","city","Hebi","","","","","","","","","","","","","","","","","","","","","","","","","","","","","","","","","","","","","","","","","",""
"69cdfd40a0643be3b024c0eb","0","Jiaozuo","자오쭤시","city","Jiaozuo","","","","","","","","","","","","","","","","","","","","","","","","","","","","","","","","","","","","","","","","","",""
"69cdfd78a0643be3b024c0ec","0","Shangluo","상뤄시","city","Shangluo","","","","","","","","","","","","","","","","","","","","","","","","","","","","","","","","","","","","","","","","","",""
"69cdfdb5a0643be3b024c0ee","0","Tongchuan","퉁촨시","city","Tongchuan","","","","","","","","","","","","","","","","","","","","","","","","","","","","","","","","","","","","","","","","","",""
"69cdfe39a0643be3b024c0f3","0","Gannan","간난티베트족자치주","city","Gannan","","","","","","","","","","","","","","","","","","","","","","","","","","","","","","","","","","","","","","","","","",""
"69cdff2ea0643be3b024c0f7","0","Huangshi","황스시","city","Huangshi","","","","","","","","","","","","","","","","","","","","","","","","","","","","","","","","","","","","","","","","","",""
"69cdff62a0643be3b024c116","0","Xianning","셴닝시","city","Xianning","","","","","","","","","","","","","","","","","","","","","","","","","","","","","","","","","","","","","","","","","",""
"69cdff96a0643be3b024c117","0","Xiaogan","샤오간시","city","Xiaogan","","","","","","","","","","","","","","","","","","","","","","","","","","","","","","","","","","","","","","","","","",""
"69ce005aa0643be3b024c119","0","Mudanjiang City","무단장시","city","Mudanjiang City","기존 호구·인구 자료 연결","","","","","","","","","","","","","","208000","260000","286000","338000","247000","260000","299000","377000","481000","468000","429000","507000","429000","338000","286000","299000","273000","325000","364000","416000","520000","624000","910000","","","","",""
"69ce008ca0643be3b024c11b","0","Heilongjiang","헤이룽장성","province","Heilongjiang","","","","","","","","","","","","","","","","","","","","","","","","","","","","","","","","","","","","","","","","","",""
"69ce00e0a0643be3b024c11d","0","Suihua City","쑤이화시","city","Suihua City","","","","","","","","","","","","","","","","","","","","","","","","","","","","","","","","","","","","","","","","","",""
"69ce0154a0643be3b024c121","0","Changji","창지후이족자치주","","Changji","기존 호구·인구 자료 연결","","","","","","","","","","","63000","105000","157500","280000","350000","385000","455000","332500","350000","402500","507500","647500","630000","577500","682500","577500","455000","385000","402500","367500","437500","490000","560000","700000","840000","1225000","","","","",""
"69ce024da0643be3b024c129","0","Ili","이리카자흐자치주","city","Ili","","","","","","","","","","","","","","","","","","","","","","","","","","","","","","","","","","","","","","","","","",""
"69ce02e6a0643be3b024c12f","0","Georgia","조지아","province","Georgia","","","","","","","","","","","","","","","","","","","","","","","","","","","","","","","","","","","","","","","","","",""
"69ce0329a0643be3b024c130","0","Azerbaijan","아제르바이잔","province","Azerbaijan","","","","","","","","","","","","","","","","","","","","","","","","","","","","","","","","","","","","","","","","","",""
"69ce0362a0643be3b024c131","0","Armenia","아르메니아","province","Armenia","","","","","","","","","","","","","","","","","","","","","","","","","","","","","","","","","","","","","","","","","",""
"69ce0397a0643be3b024c132","0","North Caucasian Federal District","Северо-Кавказский федеральный округ","province","North Caucasian Federal District","","","","","","","","","","","","","","","","","","","","","","","","","","","","","","","","","","","","","","","","","",""
"69ce03f5a0643be3b024c133","0","Moldova","몰도바","province","Moldova","","","","","","","","","","","","","","","","","","","","","","","","","","","","","","","","","","","","","","","","","",""
"69ce0ad2a0643be3b024c14f","0","Changchun City","창춘시","city","Changchun City","기존 호구·인구 자료 연결","","","","","","","","","","","","","","720000","900000","990000","1170000","855000","900000","1035000","1305000","1665000","1620000","1485000","1755000","1485000","1170000","990000","1035000","945000","1125000","1260000","1440000","1800000","2160000","3150000","","","","",""
"69ce1590a0643be3b024c170","0","Xinjiang","신장위구르자치구","province","Xinjiang","기존 호구·인구 자료 연결","","","","","","","","","38500","45500","12600","21000","31500","56000","70000","77000","91000","66500","70000","80500","101500","129500","126000","115500","136500","115500","91000","77000","80500","73500","87500","98000","112000","140000","168000","245000","","","","",""
"69ce186ca0643be3b024c177","0","Baishan City","바이산시","city","Baishan City","","","","","","","","","","","","","","","","","","","","","","","","","","","","","","","","","","","","","","","","","",""
"69ce18c2a0643be3b024c17b","0","Baicheng City","바이청시","city","Baicheng City","","","","","","","","","","","","","","","","","","","","","","","","","","","","","","","","","","","","","","","","","",""
"69ce1903a0643be3b024c17d","0","Songyuan City","쑹위안시","city","Songyuan City","","","","","","","","","","","","","","","","","","","","","","","","","","","","","","","","","","","","","","","","","",""
"69d102548e7a44b79c89f1c6","0","Jetisu Region","Жетісу облысы","city","Jetisu Region","","","","","","","","","","","","","","","","","","","","","","","","","","","","","","","","","","","","","","","","","",""
"69d4b12f05ecedd96b1a90a7","0","Zabaykalsky Krai","Забайкальский край","province","Zabaykalsky Krai","","","","","","","","","","","","","","","","","","","","","","","","","","","","","","","","","","","","","","","","","",""
"69f57026ba134dee59f213a9","0","Lebanon","레바논","province","","","","","","","","","","","","","","","","","","","","","","","","","","","","","","","","","","","","","","","","","","",""
"69f57026ba134dee59f213aa","0","Morocco","모로코","province","","","","","","","","","","","","","","","","","","","","","","","","","","","","","","","","","","","","","","","","","","",""
"69f57026ba134dee59f213ab","0","Belarus","벨라루스","province","","","","","","","","","","","","","","","","","","","","","","","","","","","","","","","","","","","","","","","","","","",""
"69f57026ba134dee59f213ac","0","Oman","오만","province","","","","","","","","","","","","","","","","","","","","","","","","","","","","","","","","","","","","","","","","","","",""
"69f57026ba134dee59f213ad","0","Lithuania","리투아니아","province","","","","","","","","","","","","","","","","","","","","","","","","","","","","","","","","","","","","","","","","","","",""
"69f57026ba134dee59f213ae","0","Estonia","에스토니아","province","","","","","","","","","","","","","","","","","","","","","","","","","","","","","","","","","","","","","","","","","","",""
"69f57026ba134dee59f213af","0","Latvia","라트비아","province","","","","","","","","","","","","","","","","","","","","","","","","","","","","","","","","","","","","","","","","","","",""
"69f57026ba134dee59f213b0","0","Norway","노르웨이","province","","","","","","","","","","","","","","","","","","","","","","","","","","","","","","","","","","","","","","","","","","",""
"69f57026ba134dee59f213b1","0","Sweden","스웨덴","province","","","","","","","","","","","","","","","","","","","","","","","","","","","","","","","","","","","","","","","","","","",""
"69f57026ba134dee59f213b2","0","Finland","핀란드","province","","","","","","","","","","","","","","","","","","","","","","","","","","","","","","","","","","","","","","","","","","",""
"69f57026ba134dee59f213b3","0","Belgium","벨기에","province","","","","","","","","","","","","","","","","","","","","","","","","","","","","","","","","","","","","","","","","","","",""
"69f57026ba134dee59f213b4","0","Albania","알바니아","province","","","","","","","","","","","","","","","","","","","","","","","","","","","","","","","","","","","","","","","","","","",""
"69f57026ba134dee59f213b5","0","Kosovo","코소보","province","","","","","","","","","","","","","","","","","","","","","","","","","","","","","","","","","","","","","","","","","","",""
"69f57026ba134dee59f213b6","0","Spain","스페인","province","","","","","","","","","","","","","","","","","","","","","","","","","","","","","","","","","","","","","","","","","","",""
"69f57026ba134dee59f213b7","0","Denmark","덴마크","province","","","","","","","","","","","","","","","","","","","","","","","","","","","","","","","","","","","","","","","","","","",""
"69f57026ba134dee59f213b8","0","Libya","리비아","province","","","","","","","","","","","","","","","","","","","","","","","","","","","","","","","","","","","","","","","","","","",""
"69f57026ba134dee59f213b9","0","Tunisia","튀니지","province","","","","","","","","","","","","","","","","","","","","","","","","","","","","","","","","","","","","","","","","","","",""
"69f57026ba134dee59f213ba","0","Slovakia","슬로바키아","province","","","","","","","","","","","","","","","","","","","","","","","","","","","","","","","","","","","","","","","","","","",""
"69f57026ba134dee59f213bb","0","Poland","폴란드","province","","","","","","","","","","","","","","","","","","","","","","","","","","","","","","","","","","","","","","","","","","",""
"69f57026ba134dee59f213bc","0","Greece","그리스","province","","","","","","","","","","","","","","","","","","","","","","","","","","","","","","","","","","","","","","","","","","",""
"69f57026ba134dee59f213bd","0","Netherlands","네덜란드","province","","","","","","","","","","","","","","","","","","","","","","","","","","","","","","","","","","","","","","","","","","",""
"69f57026ba134dee59f213be","0","Croatia","크로아티아","province","","","","","","","","","","","","","","","","","","","","","","","","","","","","","","","","","","","","","","","","","","",""
"69f57026ba134dee59f213bf","0","Slovenia","슬로베니아","province","","","","","","","","","","","","","","","","","","","","","","","","","","","","","","","","","","","","","","","","","","",""
"69f57026ba134dee59f213c0","0","Qatar","카타르","province","","","","","","","","","","","","","","","","","","","","","","","","","","","","","","","","","","","","","","","","","","",""
"69f57026ba134dee59f213c1","0","Saudi Arabia","사우디아라비아","province","","","","","","","","","","","","","","","","","","","","","","","","","","","","","","","","","","","","","","","","","","",""
"69f57026ba134dee59f213c2","0","Kuwait","쿠웨이트","province","","","","","","","","","","","","","","","","","","","","","","","","","","","","","","","","","","","","","","","","","","",""
"69f57026ba134dee59f213c3","0","Algeria","알제리","province","","","","","","","","","","","","","","","","","","","","","","","","","","","","","","","","","","","","","","","","","","",""
"69f57026ba134dee59f213c4","0","Montenegro","몬테네그로","province","","","","","","","","","","","","","","","","","","","","","","","","","","","","","","","","","","","","","","","","","","",""
"69f57026ba134dee59f213c5","0","Bosnia and Herzegovina","보스니아 헤르체고비나","province","","","","","","","","","","","","","","","","","","","","","","","","","","","","","","","","","","","","","","","","","","",""
"69f57026ba134dee59f213c6","0","Portugal","포르투갈","province","","","","","","","","","","","","","","","","","","","","","","","","","","","","","","","","","","","","","","","","","","",""
"69f57026ba134dee59f213c7","0","Jordan","요르단","province","","","","","","","","","","","","","","","","","","","","","","","","","","","","","","","","","","","","","","","","","","",""
"69f57026ba134dee59f213c8","0","Egypt","이집트","province","","","","","","","","","","","","","","","","","","","","","","","","","","","","","","","","","","","","","","","","","","",""
"69f57026ba134dee59f213c9","0","Yemen","예멘","province","","","","","","","","","","","","","","","","","","","","","","","","","","","","","","","","","","","","","","","","","","",""
"69f57026ba134dee59f213ca","0","Bahrain","바레인","province","","","","","","","","","","","","","","","","","","","","","","","","","","","","","","","","","","","","","","","","","","",""
"69f570bd4093bc5c57db7d85","0","United Arab Emirates","아랍에미리트","province","","","","","","","","","","","","","","","","","","","","","","","","","","","","","","","","","","","","","","","","","","",""
"6a11cd744458d78f5ed1dc2d","0","Changde","창더시","","Changde","기존 호구·인구 자료 연결","","","","","","","","","319000","377000","104400","174000","261000","464000","580000","638000","754000","551000","580000","667000","841000","1073000","1044000","957000","1131000","957000","754000","638000","667000","609000","725000","812000","928000","1160000","1392000","2030000","","","","",""
"6a11cda14458d78f5ed1dc2e","0","Zhangjiajie","장자제시","","Zhangjiajie","","","","","","","","","","","","","","","","","","","","","","","","","","","","","","","","","","","","","","","","","",""
"6a11cf174458d78f5ed1dc2f","0","Huaihua","화이화시","","Huaihua","","","","","","","","","","","","","","","","","","","","","","","","","","","","","","","","","","","","","","","","","",""
"6a11cf434458d78f5ed1dc30","0","Shaoyang","사오양시","","Shaoyang","","","","","","","","","","","","","","","","","","","","","","","","","","","","","","","","","","","","","","","","","",""
"6a124970072e3697c6dc8df3","0","Jiujiang","주장시","city","Jiujiang","","","","","","","","","","","","","","","","","","","","","","","","","","","","","","","","","","","","","","","","","",""
"6a129e89072e3697c6dc8df5","0","Yiyang","이양시","city","Yiyang","","","","","","","","","","","","","","","","","","","","","","","","","","","","","","","","","","","","","","","","","",""
"6a13d74dcf327c7e1f241a39","0","Tianmen","톈먼시","city","Tianmen","","","","","","","","","","","","","","","","","","","","","","","","","","","","","","","","","","","","","","","","","",""
"6a13d813cf327c7e1f241a3a","0","Ezhou","어저우시","city","Ezhou","","","","","","","","","","","","","","","","","","","","","","","","","","","","","","","","","","","","","","","","","",""
"6a13d8bbcf327c7e1f241a3b","0","Hubei","후베이성","province","Hubei","","","","","","","","","","","","","","","","","","","","","","","","","","","","","","","","","","","","","","","","","",""
"6a3fbc2b5f1d9c3da223d8a1","0","Taizhou","타이저우시","city","Taizhou","","","","","","","","","","","","","","","","","","","","","","","","","","","","","","","","","","","","","","","","","",""
"6a3fbcb25f1d9c3da223d8a2","0","Xuancheng","쉬안청시","","Xuancheng","","","","","","","","","","","","","","","","","","","","","","","","","","","","","","","","","","","","","","","","","",""
"6a3fbd375f1d9c3da223d8a3","0","Suzhou","쑤저우시","city","Suzhou","","","","","","","","","","","","","","","","","","","","","","","","","","","","","","","","","","","","","","","","","",""
"6a9aded4730001972e41c3a2","0","Xiong'an New Area","슝안신구","","Xiong'an New Area","","","","","","","","","","","","","","","","","","","","","","","","","","","","","","","","","","","","","","","","","",""
"6a9adfb6730001972e41c3a3","0","Liaoyang City","랴오양시","","Liaoyang City","","","","","","","","","","","","","","","","","","","","","","","","","","","","","","","","","","","","","","","","","",""
"6a9ae093730001972e41c3a6","0","Fushun City","푸순시","","Fushun City","","","","","","","","","","","","","","","","","","","","","","","","","","","","","","","","","","","","","","","","","",""
"6a9b3b263c16528540b43889","0","Chaohu","巢湖市","city","China","","","","","","","","","","","","","","","","","","","","","","","","","","","","","","","","","","","","","","","","","",""
"6a9b3b263c16528540b4388a","0","Chizhou","池州市","city","China","","","","","","","","","","","","","","","","","","","","","","","","","","","","","","","","","","","","","","","","","",""
"6a9b3b263c16528540b4388b","0","Tongling","铜陵市","city","China","","","","","","","","","","","","","","","","","","","","","","","","","","","","","","","","","","","","","","","","","",""
"6a9b3b263c16528540b4388c","0","Wuhu","芜湖市","city","China","기존 호구·인구 자료 연결","","","","","","","","","","","68400","114000","171000","304000","380000","418000","494000","361000","380000","437000","551000","703000","684000","627000","741000","627000","494000","418000","437000","399000","475000","532000","608000","760000","912000","1330000","","","","",""
"6a9b3b263c16528540b4388d","0","Longyan","龙岩市","city","China","","","","","","","","","","","","","","","","","","","","","","","","","","","","","","","","","","","","","","","","","",""
"6a9b3b263c16528540b4388e","0","Ningde","宁德市","city","China","","","","","","","","","","","","","","","","","","","","","","","","","","","","","","","","","","","","","","","","","",""
"6a9b3b263c16528540b4388f","0","Putian","莆田市","city","China","","","","","","","","","","","","","","","","","","","","","","","","","","","","","","","","","","","","","","","","","",""
"6a9b3b263c16528540b43890","0","Quanzhou","泉州市","city","China","","","","","","","","","","","","","","","","","","","","","","","","","","","","","","","","","","","","","","","","","",""
"6a9b3b263c16528540b43891","0","Sanming","三明市","city","China","","","","","","","","","","","","","","","","","","","","","","","","","","","","","","","","","","","","","","","","","",""
"6a9b3b263c16528540b43892","0","Xiamen","厦门市","city","China","기존 호구·인구 자료 연결","","","","","","","","","","","","156000","234000","416000","520000","572000","676000","494000","520000","598000","754000","962000","936000","858000","1014000","858000","676000","572000","598000","546000","650000","728000","832000","1040000","1248000","1820000","","","","",""
"6a9b3b263c16528540b43893","0","Zhangzhou","漳州市","city","China","","","","","","","","","","","","","","","","","","","","","","","","","","","","","","","","","","","","","","","","","",""
"6a9b3b263c16528540b43897","0","Chaozhou","潮州市","city","China","","","","","","","","","","","","","","","","","","","","","","","","","","","","","","","","","","","","","","","","","",""
"6a9b3b263c16528540b43898","0","Dongguan","东莞市","city","China","기존 호구·인구 자료 연결","","","","","","","","","","","","315000","472500","840000","1050000","1155000","1365000","997500","1050000","1207500","1522500","1942500","1890000","1732500","2047500","1732500","1365000","1155000","1207500","1102500","1312500","1470000","1680000","2100000","2520000","3675000","","","","",""
"6a9b3b263c16528540b43899","0","Foshan","佛山市","city","China","기존 호구·인구 자료 연결","","","","","","","","","","","","285000","427500","760000","950000","1045000","1235000","902500","950000","1092500","1377500","1757500","1710000","1567500","1852500","1567500","1235000","1045000","1092500","997500","1187500","1330000","1520000","1900000","2280000","3325000","","","","",""
"6a9b3b263c16528540b4389a","0","Guangzhou","广州市","city","China","기존 호구·인구 자료 연결","","","","","","","","","929500","1098500","304200","507000","760500","1352000","1690000","1859000","2197000","1605500","1690000","1943500","2450500","3126500","3042000","2788500","3295500","2788500","2197000","1859000","1943500","1774500","2112500","2366000","2704000","3380000","4056000","5915000","","","","",""
"6a9b3b263c16528540b4389b","0","Heyuan","河源市","city","China","","","","","","","","","","","","","","","","","","","","","","","","","","","","","","","","","","","","","","","","","",""
"6a9b3b263c16528540b4389c","0","Huizhou","惠州市","city","China","","","","","","","","","","","","","","","","","","","","","","","","","","","","","","","","","","","","","","","","","",""
"6a9b3b263c16528540b4389d","0","Jiangmen","江门市","city","China","","","","","","","","","","","","","","","","","","","","","","","","","","","","","","","","","","","","","","","","","",""
"6a9b3b263c16528540b4389e","0","Jieyang","揭阳市","city","China","","","","","","","","","","","","","","","","","","","","","","","","","","","","","","","","","","","","","","","","","",""
"6a9b3b263c16528540b4389f","0","Maoming","茂名市","city","China","","","","","","","","","","","","","","","","","","","","","","","","","","","","","","","","","","","","","","","","","",""
"6a9b3b263c16528540b438a0","0","Meizhou","梅州市","city","China","기존 호구·인구 자료 연결","","","","","","","","","","","","117000","175500","312000","390000","429000","507000","370500","390000","448500","565500","721500","702000","643500","760500","643500","507000","429000","448500","409500","487500","546000","624000","780000","936000","1365000","","","","",""
"6a9b3b263c16528540b438a1","0","Qingyuan","清远市","city","China","","","","","","","","","","","","","","","","","","","","","","","","","","","","","","","","","","","","","","","","","",""
"6a9b3b263c16528540b438a2","0","Shantou","汕头市","city","China","기존 호구·인구 자료 연결","","","","","","","","","","","","168000","252000","448000","560000","616000","728000","532000","560000","644000","812000","1036000","1008000","924000","1092000","924000","728000","616000","644000","588000","700000","784000","896000","1120000","1344000","1960000","","","","",""
"6a9b3b263c16528540b438a3","0","Shanwei","汕尾市","city","China","","","","","","","","","","","","","","","","","","","","","","","","","","","","","","","","","","","","","","","","","",""
"6a9b3b263c16528540b438a4","0","Shenzhen","深圳市","city","China","기존 호구·인구 자료 연결","","","","","","","","","","","","","","","","","","1662500","1750000","2012500","2537500","3237500","3150000","2887500","3412500","2887500","2275000","1925000","2012500","1837500","2187500","2450000","2800000","3500000","4200000","6125000","","","","",""
"6a9b3b263c16528540b438a5","0","Yangjiang","阳江市","city","China","","","","","","","","","","","","","","","","","","","","","","","","","","","","","","","","","","","","","","","","","",""
"6a9b3b263c16528540b438a6","0","Yunfu","云浮市","city","China","","","","","","","","","","","","","","","","","","","","","","","","","","","","","","","","","","","","","","","","","",""
"6a9b3b263c16528540b438a7","0","Zhanjiang","湛江市","city","China","기존 호구·인구 자료 연결","","","","","","","","","","","131400","219000","328500","584000","730000","803000","949000","693500","730000","839500","1058500","1350500","1314000","1204500","1423500","1204500","949000","803000","839500","766500","912500","1022000","1168000","1460000","1752000","2555000","","","","",""
"6a9b3b263c16528540b438a8","0","Zhaoqing","肇庆市","city","China","","","","","","","","","","","","","","","","","","","","","","","","","","","","","","","","","","","","","","","","","",""
"6a9b3b263c16528540b438a9","0","Zhongshan","中山市","city","China","","","","","","","","","","","","","","","","","","","","","","","","","","","","","","","","","","","","","","","","","",""
"6a9b3b263c16528540b438aa","0","Zhuhai","珠海市","city","China","","","","","","","","","","","","","","","","","","","","","","","","","","","","","","","","","","","","","","","","","",""
"6a9b3b263c16528540b438ab","0","Baise","百色市","city","China","","","","","","","","","","","","","","","","","","","","","","","","","","","","","","","","","","","","","","","","","",""
"6a9b3b263c16528540b438ac","0","Beihai","北海市","city","China","","","","","","","","","","","","","","","","","","","","","","","","","","","","","","","","","","","","","","","","","",""
"6a9b3b263c16528540b438ad","0","Chongzuo","崇左市","city","China","","","","","","","","","","","","","","","","","","","","","","","","","","","","","","","","","","","","","","","","","",""
"6a9b3b263c16528540b438ae","0","Fangchenggang","防城港市","city","China","","","","","","","","","","","","","","","","","","","","","","","","","","","","","","","","","","","","","","","","","",""
"6a9b3b263c16528540b438af","0","Guigang","贵港市","city","China","","","","","","","","","","","","","","","","","","","","","","","","","","","","","","","","","","","","","","","","","",""
"6a9b3b263c16528540b438b0","0","Hechi","河池市","city","China","","","","","","","","","","","","","","","","","","","","","","","","","","","","","","","","","","","","","","","","","",""
"6a9b3b263c16528540b438b1","0","Hezhou","贺州市","city","China","","","","","","","","","","","","","","","","","","","","","","","","","","","","","","","","","","","","","","","","","",""
"6a9b3b263c16528540b438b2","0","Laibin","来宾市","city","China","","","","","","","","","","","","","","","","","","","","","","","","","","","","","","","","","","","","","","","","","",""
"6a9b3b263c16528540b438b3","0","Liuzhou","柳州市","city","China","기존 호구·인구 자료 연결","","","","","","","","","","","73800","123000","184500","328000","410000","451000","533000","389500","410000","471500","594500","758500","738000","676500","799500","676500","533000","451000","471500","430500","512500","574000","656000","820000","984000","1435000","","","","",""
"6a9b3b263c16528540b438b4","0","Nanning","南宁市","city","China","기존 호구·인구 자료 연결","","","","","","","","","","","127800","213000","319500","568000","710000","781000","923000","674500","710000","816500","1029500","1313500","1278000","1171500","1384500","1171500","923000","781000","816500","745500","887500","994000","1136000","1420000","1704000","2485000","","","","",""
"6a9b3b263c16528540b438b5","0","Qinzhou","钦州市","city","China","","","","","","","","","","","","","","","","","","","","","","","","","","","","","","","","","","","","","","","","","",""
"6a9b3b263c16528540b438b6","0","Wuzhou","梧州市","city","China","","","","","","","","","","","","","","","","","","","","","","","","","","","","","","","","","","","","","","","","","",""
"6a9b3b263c16528540b438b7","0","Anshun","安顺市","city","China","","","","","","","","","","","","","","","","","","","","","","","","","","","","","","","","","","","","","","","","","",""
"6a9b3b263c16528540b438b8","0","Bijie","毕节地区","city","China","","","","","","","","","","","","","","","","","","","","","","","","","","","","","","","","","","","","","","","","","",""
"6a9b3b263c16528540b438ba","0","Liupanshui","六盘水市","city","China","","","","","","","","","","","","","","","","","","","","","","","","","","","","","","","","","","","","","","","","","",""
"6a9b3b263c16528540b438bb","0","QiandongnanMiaoandDong","黔东南苗族侗族自治州","city","China","","","","","","","","","","","","","","","","","","","","","","","","","","","","","","","","","","","","","","","","","",""
"6a9b3b263c16528540b438bc","0","QiannanBuyeiandMiao","黔南布依族苗族自治州","city","China","","","","","","","","","","","","","","","","","","","","","","","","","","","","","","","","","","","","","","","","","",""
"6a9b3b263c16528540b438bd","0","QianxinanBuyeiandMiao","黔西南布依族苗族自治州","city","China","","","","","","","","","","","","","","","","","","","","","","","","","","","","","","","","","","","","","","","","","",""
"6a9b3b263c16528540b438be","0","Tongren","铜仁地区","city","China","","","","","","","","","","","","","","","","","","","","","","","","","","","","","","","","","","","","","","","","","",""
"6a9b3b263c16528540b438bf","0","Zunyi","遵义市","city","China","","","","","","","","","","","","","","","","","","","","","","","","","","","","","","","","","","","","","","","","","",""
"6a9b3b263c16528540b438c0","0","Haikou","海口市","city","China","기존 호구·인구 자료 연결","","","","","","","","","","","52200","87000","130500","232000","290000","319000","377000","275500","290000","333500","420500","536500","522000","478500","565500","478500","377000","319000","333500","304500","362500","406000","464000","580000","696000","1015000","","","","",""
"6a9b3b263c16528540b438c1","0","Sanya","三亚市","city","China","","","","","","","","","","","","","","","","","","","","","","","","","","","","","","","","","","","","","","","","","",""
"6a9b3b263c16528540b438c2","0","Hegang","鹤岗市","city","China","","","","","","","","","","","","","","","","","","","","","","","","","","","","","","","","","","","","","","","","","",""
"6a9b3b263c16528540b438c3","0","Qitaihe","七台河市","city","China","","","","","","","","","","","","","","","","","","","","","","","","","","","","","","","","","","","","","","","","","",""
"6a9b3b263c16528540b438c5","0","CentralandWestern","NA","city","China","","","","","","","","","","","","","","","","","","","","","","","","","","","","","","","","","","","","","","","","","",""
"6a9b3b263c16528540b438c7","0","Qianjiang","潜江市","city","China","","","","","","","","","","","","","","","","","","","","","","","","","","","","","","","","","","","","","","","","","",""
"6a9b3b263c16528540b438c8","0","Shennongjia","神农架林区","city","China","","","","","","","","","","","","","","","","","","","","","","","","","","","","","","","","","","","","","","","","","",""
"6a9b3b263c16528540b438cb","0","Xiantao","仙桃市","city","China","","","","","","","","","","","","","","","","","","","","","","","","","","","","","","","","","","","","","","","","","",""
"6a9b3b263c16528540b438cc","0","Chenzhou","郴州市","city","China","","","","","","","","","","","","","","","","","","","","","","","","","","","","","","","","","","","","","","","","","",""
"6a9b3b263c16528540b438cd","0","Loudi","娄底市","city","China","","","","","","","","","","","","","","","","","","","","","","","","","","","","","","","","","","","","","","","","","",""
"6a9b3b263c16528540b438ce","0","Xiangtan","湘潭市","city","China","","","","","","","","","","","","","","","","","","","","","","","","","","","","","","","","","","","","","","","","","",""
"6a9b3b263c16528540b438cf","0","XiangxiTujiaandMiao","湘西土家族苗族自治州","city","China","","","","","","","","","","","","","","","","","","","","","","","","","","","","","","","","","","","","","","","","","",""
"6a9b3b263c16528540b438d0","0","Zhuzhou","株洲市","city","China","기존 호구·인구 자료 연결","","","","","","","","","","","","117000","175500","312000","390000","429000","507000","370500","390000","448500","565500","721500","702000","643500","760500","643500","507000","429000","448500","409500","487500","546000","624000","780000","936000","1365000","","","","",""
"6a9b3b263c16528540b438d1","0","Wuxi","无锡市","city","China","기존 호구·인구 자료 연결","","","","","","","","","407000","481000","133200","222000","333000","592000","740000","814000","962000","703000","740000","851000","1073000","1369000","1332000","1221000","1443000","1221000","962000","814000","851000","777000","925000","1036000","1184000","1480000","1776000","2590000","","","","",""
"6a9b3b263c16528540b438d2","0","Ganzhou","赣州市","city","China","기존 호구·인구 자료 연결","","","","","","","","","","","176400","294000","441000","784000","980000","1078000","1274000","931000","980000","1127000","1421000","1813000","1764000","1617000","1911000","1617000","1274000","1078000","1127000","1029000","1225000","1372000","1568000","1960000","2352000","3430000","","","","",""
"6a9b3b263c16528540b438d3","0","Ji'an","吉安市","city","China","기존 호구·인구 자료 연결","","","","","","","","","","","86400","144000","216000","384000","480000","528000","624000","456000","480000","552000","696000","888000","864000","792000","936000","792000","624000","528000","552000","504000","600000","672000","768000","960000","1152000","1680000","","","","",""
"6a9b3b263c16528540b438d4","0","Pingxiang","萍乡市","city","China","","","","","","","","","","","","","","","","","","","","","","","","","","","","","","","","","","","","","","","","","",""
"6a9b3b263c16528540b438d5","0","Shangrao","上饶市","city","China","","","","","","","","","","","","","","","","","","","","","","","","","","","","","","","","","","","","","","","","","",""
"6a9b3b263c16528540b438d6","0","Xinyu","新余市","city","China","","","","","","","","","","","","","","","","","","","","","","","","","","","","","","","","","","","","","","","","","",""
"6a9b3b263c16528540b438d7","0","Yingtan","鹰潭市","city","China","","","","","","","","","","","","","","","","","","","","","","","","","","","","","","","","","","","","","","","","","",""
"6a9b3b263c16528540b438d8","0","Liaoyuan","辽源市","city","China","","","","","","","","","","","","","","","","","","","","","","","","","","","","","","","","","","","","","","","","","",""
"6a9b3b263c16528540b438d9","0","Siping","四平市","city","China","","","","","","","","","","","","","","","","","","","","","","","","","","","","","","","","","","","","","","","","","",""
"6a9b3b263c16528540b438db","0","Fuxin","阜新市","city","China","","","","","","","","","","","","","","","","","","","","","","","","","","","","","","","","","","","","","","","","","",""
"6a9b3b263c16528540b438dc","0","Tieling","铁岭市","city","China","","","","","","","","","","","","","","","","","","","","","","","","","","","","","","","","","","","","","","","","","",""
"6a9b3b263c16528540b438e0","0","Wuhai","乌海市","city","China","","","","","","","","","","","","","","","","","","","","","","","","","","","","","","","","","","","","","","","","","",""
"6a9b3b263c16528540b438e3","0","Guyuan","固原市","city","China","","","","","","","","","","","","","","","","","","","","","","","","","","","","","","","","","","","","","","","","","",""
"6a9b3b263c16528540b438e4","0","Shizuishan","石嘴山市","city","China","","","","","","","","","","","","","","","","","","","","","","","","","","","","","","","","","","","","","","","","","",""
"6a9b3b263c16528540b438e5","0","Wuzhong","吴忠市","city","China","","","","","","","","","","","","","","","","","","","","","","","","","","","","","","","","","","","","","","","","","",""
"6a9b3b263c16528540b438e6","0","Yinchuan","银川市","city","China","기존 호구·인구 자료 연결","","","","","","","","","","","51480","85800","128700","228800","286000","314600","371800","271700","286000","328900","414700","529100","514800","471900","557700","471900","371800","314600","328900","300300","357500","400400","457600","572000","686400","1001000","","","","",""
"6a9b3b263c16528540b438e7","0","Zhongwei","中卫市","city","China","","","","","","","","","","","","","","","","","","","","","","","","","","","","","","","","","","","","","","","","","",""
"6a9b3b263c16528540b438e8","0","GologTibetan","果洛藏族自治州","city","China","","","","","","","","","","","","","","","","","","","","","","","","","","","","","","","","","","","","","","","","","",""
"6a9b3b263c16528540b438e9","0","GyêguTibetan","玉树藏族自治州","city","China","","","","","","","","","","","","","","","","","","","","","","","","","","","","","","","","","","","","","","","","","",""
"6a9b3b263c16528540b438ea","0","HaibeiTibetan","海北藏族自治州","city","China","","","","","","","","","","","","","","","","","","","","","","","","","","","","","","","","","","","","","","","","","",""
"6a9b3b263c16528540b438eb","0","HainanTibetan","海南藏族自治州","city","China","","","","","","","","","","","","","","","","","","","","","","","","","","","","","","","","","","","","","","","","","",""
"6a9b3b263c16528540b438ec","0","HaixiMongolandTibetan","海西蒙古族藏族自治州","city","China","","","","","","","","","","","","","","","","","","","","","","","","","","","","","","","","","","","","","","","","","",""
"6a9b3b263c16528540b438ed","0","HuangnanTibetan","黄南藏族自治州","city","China","","","","","","","","","","","","","","","","","","","","","","","","","","","","","","","","","","","","","","","","","",""
"6a9b3b263c16528540b438ee","0","Laiwu","莱芜市","city","China","","","","","","","","","","","","","","","","","","","","","","","","","","","","","","","","","","","","","","","","","",""
"6a9b3b263c16528540b438f0","0","Bazhong","巴中市","city","China","","","","","","","","","","","","","","","","","","","","","","","","","","","","","","","","","","","","","","","","","",""
"6a9b3b263c16528540b438f1","0","Chengdu","成都市","city","China","기존 호구·인구 자료 연결","","","","","","","","","1149500","1358500","376200","627000","940500","1672000","2090000","2299000","2717000","1985500","2090000","2403500","3030500","3866500","3762000","3448500","4075500","3448500","2717000","2299000","2403500","2194500","2612500","2926000","3344000","4180000","5016000","7315000","","","","",""
"6a9b3b263c16528540b438f2","0","Dazhou","达州市","city","China","기존 호구·인구 자료 연결","","","","","","","","","","","99000","165000","247500","440000","550000","605000","715000","522500","550000","632500","797500","1017500","990000","907500","1072500","907500","715000","605000","632500","577500","687500","770000","880000","1100000","1320000","1925000","","","","",""
"6a9b3b263c16528540b438f3","0","Deyang","德阳市","city","China","","","","","","","","","","","","","","","","","","","","","","","","","","","","","","","","","","","","","","","","","",""
"6a9b3b263c16528540b438f4","0","GarzêTibetan","甘孜藏族自治州","city","China","","","","","","","","","","","","","","","","","","","","","","","","","","","","","","","","","","","","","","","","","",""
"6a9b3b263c16528540b438f5","0","Guang'an","广安市","city","China","","","","","","","","","","","","","","","","","","","","","","","","","","","","","","","","","","","","","","","","","",""
"6a9b3b263c16528540b438f6","0","Guangyuan","广元市","city","China","","","","","","","","","","","","","","","","","","","","","","","","","","","","","","","","","","","","","","","","","",""
"6a9b3b263c16528540b438f7","0","LiangshanYi","凉山彝族自治州","city","China","","","","","","","","","","","","","","","","","","","","","","","","","","","","","","","","","","","","","","","","","",""
"6a9b3b263c16528540b438f8","0","Luzhou","泸州市","city","China","기존 호구·인구 자료 연결","","","","","","","","","280500","331500","91800","153000","229500","408000","510000","561000","663000","484500","510000","586500","739500","943500","918000","841500","994500","841500","663000","561000","586500","535500","637500","714000","816000","1020000","1224000","1785000","","","","",""
"6a9b3b263c16528540b438f9","0","Meishan","眉山市","city","China","","","","","","","","","","","","","","","","","","","","","","","","","","","","","","","","","","","","","","","","","",""
"6a9b3b263c16528540b438fa","0","Mianyang","绵阳市","city","China","기존 호구·인구 자료 연결","","","","","","","","","297000","351000","97200","162000","243000","432000","540000","594000","702000","513000","540000","621000","783000","999000","972000","891000","1053000","891000","702000","594000","621000","567000","675000","756000","864000","1080000","1296000","1890000","","","","",""
"6a9b3b263c16528540b438fb","0","Nanchong","南充市","city","China","기존 호구·인구 자료 연결","","","","","","","","","346500","409500","113400","189000","283500","504000","630000","693000","819000","598500","630000","724500","913500","1165500","1134000","1039500","1228500","1039500","819000","693000","724500","661500","787500","882000","1008000","1260000","1512000","2205000","","","","",""
"6a9b3b263c16528540b438fc","0","Neijiang","内江市","city","China","","","","","","","","","","","","","","","","","","","","","","","","","","","","","","","","","","","","","","","","","",""
"6a9b3b263c16528540b438fd","0","Panzhihua","攀枝花市","city","China","","","","","","","","","","","","","","","","","","","","","","","","","","","","","","","","","","","","","","","","","",""
"6a9b3b263c16528540b438fe","0","Ya'an","雅安市","city","China","","","","","","","","","","","","","","","","","","","","","","","","","","","","","","","","","","","","","","","","","",""
"6a9b3b263c16528540b438ff","0","Yibin","宜宾市","city","China","기존 호구·인구 자료 연결","","","","","","","","","302500","357500","99000","165000","247500","440000","550000","605000","715000","522500","550000","632500","797500","1017500","990000","907500","1072500","907500","715000","605000","632500","577500","687500","770000","880000","1100000","1320000","1925000","","","","",""
"6a9b3b263c16528540b43900","0","Zigong","自贡市","city","China","","","","","","","","","","","","","","","","","","","","","","","","","","","","","","","","","","","","","","","","","",""
"6a9b3b263c16528540b43901","0","Ziyang","资阳市","city","China","","","","","","","","","","","","","","","","","","","","","","","","","","","","","","","","","","","","","","","","","",""
"6a9b3b263c16528540b43903","0","BörtalaMongol","博尔塔拉蒙古自治州","city","China","","","","","","","","","","","","","","","","","","","","","","","","","","","","","","","","","","","","","","","","","",""
"6a9b3b263c16528540b43909","0","Shihezi","石河子市","city","China","","","","","","","","","","","","","","","","","","","","","","","","","","","","","","","","","","","","","","","","","",""
"6a9b3b263c16528540b4390c","0","Lhasa","拉萨市","city","China","","","","","","","","","","","","","","","","","","","","","","","","","","","","","","","","","","","","","","","","","",""
"6a9b3b263c16528540b4390d","0","Nagchu","那曲地区","city","China","","","","","","","","","","","","","","","","","","","","","","","","","","","","","","","","","","","","","","","","","",""
"6a9b3b263c16528540b4390e","0","Ngari","阿里地区","city","China","","","","","","","","","","","","","","","","","","","","","","","","","","","","","","","","","","","","","","","","","",""
"6a9b3b263c16528540b4390f","0","Nyingtri","林芝地区","city","China","","","","","","","","","","","","","","","","","","","","","","","","","","","","","","","","","","","","","","","","","",""
"6a9b3b263c16528540b43910","0","Shannan","山南地区","city","China","","","","","","","","","","","","","","","","","","","","","","","","","","","","","","","","","","","","","","","","","",""
"6a9b3b263c16528540b43911","0","Shigatse","日喀则地区","city","China","","","","","","","","","","","","","","","","","","","","","","","","","","","","","","","","","","","","","","","","","",""
"6a9b3b263c16528540b43912","0","Baoshan","保山市","city","China","","","","","","","","","","","","","","","","","","","","","","","","","","","","","","","","","","","","","","","","","",""
"6a9b3b263c16528540b43913","0","ChuxiongYi","楚雄彝族自治州","city","China","","","","","","","","","","","","","","","","","","","","","","","","","","","","","","","","","","","","","","","","","",""
"6a9b3b263c16528540b43914","0","DaliBai","大理白族自治州","city","China","기존 호구·인구 자료 연결","","","","","","","","","","","66600","111000","166500","296000","370000","407000","481000","351500","370000","425500","536500","684500","666000","610500","721500","610500","481000","407000","425500","388500","462500","518000","592000","740000","888000","1295000","","","","",""
"6a9b3b263c16528540b43915","0","DehongDaiandJingpo","德宏傣族景颇族自治州","city","China","","","","","","","","","","","","","","","","","","","","","","","","","","","","","","","","","","","","","","","","","",""
"6a9b3b263c16528540b43916","0","DêqênTibetan","迪庆藏族自治州","city","China","","","","","","","","","","","","","","","","","","","","","","","","","","","","","","","","","","","","","","","","","",""
"6a9b3b263c16528540b43917","0","HongheHaniandYi","红河哈尼族彝族自治州","city","China","","","","","","","","","","","","","","","","","","","","","","","","","","","","","","","","","","","","","","","","","",""
"6a9b3b263c16528540b43918","0","Kunming","昆明市","city","China","기존 호구·인구 자료 연결","","","","","","","","","","","158400","264000","396000","704000","880000","968000","1144000","836000","880000","1012000","1276000","1628000","1584000","1452000","1716000","1452000","1144000","968000","1012000","924000","1100000","1232000","1408000","1760000","2112000","3080000","","","","",""
"6a9b3b263c16528540b43919","0","Lijiang","丽江市","city","China","","","","","","","","","","","","","","","","","","","","","","","","","","","","","","","","","","","","","","","","","",""
"6a9b3b263c16528540b4391a","0","Lincang","临沧市","city","China","","","","","","","","","","","","","","","","","","","","","","","","","","","","","","","","","","","","","","","","","",""
"6a9b3b263c16528540b4391b","0","NujiangLisu","怒江傈僳族自治州","city","China","","","","","","","","","","","","","","","","","","","","","","","","","","","","","","","","","","","","","","","","","",""
"6a9b3b263c16528540b4391c","0","Pu'er","普洱市","city","China","","","","","","","","","","","","","","","","","","","","","","","","","","","","","","","","","","","","","","","","","",""
"6a9b3b263c16528540b4391d","0","Qujing","曲靖市","city","China","","","","","","","","","","","","","","","","","","","","","","","","","","","","","","","","","","","","","","","","","",""
"6a9b3b263c16528540b4391e","0","WenshanZhuangandMiao","文山壮族苗族自治州","city","China","","","","","","","","","","","","","","","","","","","","","","","","","","","","","","","","","","","","","","","","","",""
"6a9b3b263c16528540b4391f","0","XishuangbannaDai","西双版纳傣族自治州","city","China","","","","","","","","","","","","","","","","","","","","","","","","","","","","","","","","","","","","","","","","","",""
"6a9b3b263c16528540b43920","0","Yuxi","玉溪市","city","China","","","","","","","","","","","","","","","","","","","","","","","","","","","","","","","","","","","","","","","","","",""
"6a9b3b263c16528540b43921","0","Zhaotong","昭通市","city","China","","","","","","","","","","","","","","","","","","","","","","","","","","","","","","","","","","","","","","","","","",""
"6a9b3b263c16528540b43922","0","Jiaxing","嘉兴市","city","China","","","","","","","","","","","","","","","","","","","","","","","","","","","","","","","","","","","","","","","","","",""
"6a9b3b263c16528540b43923","0","Lishui","丽水市","city","China","","","","","","","","","","","","","","","","","","","","","","","","","","","","","","","","","","","","","","","","","",""
"6a9b3b263c16528540b43924","0","Quzhou","衢州市","city","China","","","","","","","","","","","","","","","","","","","","","","","","","","","","","","","","","","","","","","","","","",""
"6a9b3b263c16528540b43925","0","Zhoushan","舟山市","city","China","","","","","","","","","","","","","","","","","","","","","","","","","","","","","","","","","","","","","","","","","",""
"6a9b3b7ee38d6ae245e08316","0","Leshan","乐山市","city","China","","","","","","","","","","","","","","","","","","","","","","","","","","","","","","","","","","","","","","","","","",""
"6a9b3b7ee38d6ae245e08317","0","Chamdo","昌都地区","city","China","","","","","","","","","","","","","","","","","","","","","","","","","","","","","","","","","","","","","","","","","",""
"6a9b3b7ee38d6ae245e08318","0","Huzhou","湖州市","city","China","","","","","","","","","","","","","","","","","","","","","","","","","","","","","","","","","","","","","","","","","",""
"6a9b439933a01e46a8fb441e","0","Zongyang County","쭝양현","","Zongyang County","","","","","","","","","","","","","","","","","","","","","","","","","","","","","","","","","","","","","","","","","",""
"6a9b440a33a01e46a8fb441f","0","Fuzhou City","푸저우시","","Fuzhou City","","","","","","","","","","","","","","","","","","","","","","","","","","","","","","","","","","","","","","","","","",""
"6a9b444833a01e46a8fb4420","0","Yulin City","위린시","","Yulin City","","","","","","","","","","","","","","","","","","","","","","","","","","","","","","","","","","","","","","","","","",""
"6a9e6e3ab0dcfba3e87a21ef","0","Yanqing District","옌칭구","","Yanqing District","","","","","","","","","","","","","","","","","","","","","","","","","","","","","","","","","","","","","","","","","",""
"6a9ea57b83078371ce6624c1","0","Chongqing","충칭시","","Chongqing","기존 호구·인구 자료 연결","","","","","","","","","550000","650000","180000","300000","450000","800000","1000000","1100000","1300000","950000","1000000","1150000","1450000","1850000","1800000","1650000","1950000","1650000","1300000","1100000","1150000","1050000","1250000","1400000","1600000","2000000","2400000","3500000","","","","",""
"6a9fa2db1920e2ff945eb78b","0","Jilin","지린성","province","Jilin","","","","","","","","","","","","","","","","","","","","","","","","","","","","","","","","","","","","","","","","","",""
"6a9fa39b1920e2ff945eb78c","0","Yanbian","연변조선족자치주","city","Yanbian","","","","","","","","","","","","","","","","","","","","","","","","","","","","","","","","","","","","","","","","","",""
"6a9fa4651920e2ff945eb78d","0","Guiyang","구이양시","","Guiyang","기존 호구·인구 자료 연결","","","","","","","","","","","","150000","225000","400000","500000","550000","650000","475000","500000","575000","725000","925000","900000","825000","975000","825000","650000","550000","575000","525000","625000","700000","800000","1000000","1200000","1750000","","","","",""
"6aa278758e6c71dde7d73a26","0","Beijing2","베이징시2","","Beijing2","기존 호구·인구 자료 연결","","","","","","","","","1193500","1410500","390600","651000","976500","1736000","2170000","2387000","2821000","2061500","2170000","2495500","3146500","4014500","3906000","3580500","4231500","3580500","2821000","2387000","2495500","2278500","2712500","3038000","3472000","4340000","5208000","7595000","","","","",""
"6aa27b438e6c71dde7d73a28","0","Langfang2","랑팡시2","","Langfang2","","","","","","","","","","","","","","","","","","","","","","","","","","","","","","","","","","","","","","","","","",""
"6aa27ef98e6c71dde7d73a29","0","Langfang2 (복사본)","랑팡시1","city","Langfang2","","","","","","","","","","","","","","","","","","","","","","","","","","","","","","","","","","","","","","","","","",""
"6aa281b28e6c71dde7d73a2a","0","Beijing2 (복사본)","베이징시3","city","Beijing2","","","","","","","","","","","","","","","","","","","","","","","","","","","","","","","","","","","","","","","","","",""
"6aa2ac2e8e6c71dde7d73a2b","0","Chengde2","승덕시","","Chengde2","","","","","","","","","","","","","","","","","","","","","","","","","","","","","","","","","","","","","","","","","",""
"6aa3521e8e6c71dde7d73a31","0","Hinggan League","싱안맹","","Hinggan League","","","","","","","","","","","","","","","","","","","","","","","","","","","","","","","","","","","","","","","","","",""
"6aa353df8e6c71dde7d73a32","0","Shanghai (복사본)","","city","","","","","","","","","","","","","","","","","","","","","","","","","","","","","","","","","","","","","","","","","","",""
